Team,Score,Overs,RPO,Inns,Result,Opposition,Ground,Start DateDescending
India,410,50,8.2,1,won,Netherlands,Bengaluru,12-Nov-23
England,337,50,6.74,1,won,Pakistan,Eden Gardens,11-Nov-23
Bangladesh,306,50,6.12,1,lost,Australia,Pune,11-Nov-23
Afghanistan,244,50,4.88,1,lost,South Africa,Ahmedabad,10-Nov-23
Sri Lanka,171,46.4,3.66,1,lost,New Zealand,Bengaluru,09-Nov-23
England,339,50,6.78,1,won,Netherlands,Pune,08-Nov-23
Afghanistan,291,50,5.82,1,lost,Australia,Wankhede,07-Nov-23
Sri Lanka,279,49.3,5.63,1,lost,Bangladesh,Delhi,06-Nov-23
India,326,50,6.52,1,won,South Africa,Eden Gardens,05-Nov-23
Australia,286,49.3,5.77,1,won,England,Ahmedabad,04-Nov-23
New Zealand,401,50,8.02,1,lost,Pakistan,Bengaluru,04-Nov-23
Netherlands,179,46.3,3.84,1,lost,Afghanistan,Lucknow,03-Nov-23
India,357,50,7.14,1,won,Sri Lanka,Wankhede,02-Nov-23
South Africa,357,50,7.14,1,won,New Zealand,Pune,01-Nov-23
Bangladesh,204,45.1,4.51,1,lost,Pakistan,Eden Gardens,31-Oct-23
Sri Lanka,241,49.3,4.86,1,lost,Afghanistan,Pune,30-Oct-23
India,229,50,4.58,1,won,England,Lucknow,29-Oct-23
Netherlands,229,50,4.58,1,won,Bangladesh,Eden Gardens,28-Oct-23
Australia,388,49.2,7.86,1,won,New Zealand,Dharamsala,28-Oct-23
Pakistan,270,46.4,5.78,1,lost,South Africa,Chennai,27-Oct-23
England,156,33.2,4.68,1,lost,Sri Lanka,Bengaluru,26-Oct-23
Australia,399,50,7.98,1,won,Netherlands,Delhi,25-Oct-23
South Africa,382,50,7.64,1,won,Bangladesh,Wankhede,24-Oct-23
Pakistan,282,50,5.64,1,lost,Afghanistan,Chennai,23-Oct-23
New Zealand,273,50,5.46,1,lost,India,Dharamsala,22-Oct-23
South Africa,399,50,7.98,1,won,England,Wankhede,21-Oct-23
Netherlands,262,49.4,5.27,1,lost,Sri Lanka,Lucknow,21-Oct-23
Australia,367,50,7.34,1,won,Pakistan,Bengaluru,20-Oct-23
Bangladesh,256,50,5.12,1,lost,India,Pune,19-Oct-23
New Zealand,288,50,5.76,1,won,Afghanistan,Chennai,18-Oct-23
Netherlands,245,43,5.69,1,won,South Africa,Dharamsala,17-Oct-23
Sri Lanka,209,43.3,4.8,1,lost,Australia,Lucknow,16-Oct-23
Afghanistan,284,49.5,5.69,1,won,England,Delhi,15-Oct-23
Pakistan,191,42.5,4.45,1,lost,India,Ahmedabad,14-Oct-23
Bangladesh,245,50,4.9,1,lost,New Zealand,Chennai,13-Oct-23
South Africa,311,50,6.22,1,won,Australia,Lucknow,12-Oct-23
Afghanistan,272,50,5.44,1,lost,India,Delhi,11-Oct-23
Sri Lanka,344,50,6.88,1,lost,Pakistan,Hyderabad,10-Oct-23
England,364,50,7.28,1,won,Bangladesh,Dharamsala,10-Oct-23
New Zealand,322,50,6.44,1,won,Netherlands,Hyderabad,09-Oct-23
Australia,199,49.3,4.02,1,lost,India,Chennai,08-Oct-23
South Africa,428,50,8.56,1,won,Sri Lanka,Delhi,07-Oct-23
Afghanistan,156,37.2,4.17,1,lost,Bangladesh,Dharamsala,07-Oct-23
Pakistan,286,49,5.83,1,won,Netherlands,Hyderabad,06-Oct-23
England,282,50,5.64,1,lost,New Zealand,Ahmedabad,05-Oct-23
Australia,352,50,7.04,1,won,India,Rajkot,27-Sep-23
England,280,31,9.03,1,n/r,Ireland,Bristol,26-Sep-23
Bangladesh,171,34.3,4.95,1,lost,New Zealand,Mirpur,26-Sep-23
India,399,50,7.98,1,won,Australia,Indore,24-Sep-23
England,334,50,6.68,1,won,Ireland,Nottingham,23-Sep-23
New Zealand,254,49.2,5.14,1,won,Bangladesh,Mirpur,23-Sep-23
Australia,276,50,5.52,1,lost,India,Mohali,22-Sep-23
New Zealand,136,33.4,4.03,1,n/r,Bangladesh,Mirpur,21-Sep-23
Sri Lanka,50,15.2,3.26,1,lost,India,Colombo (RPS),17-Sep-23
South Africa,315,50,6.3,1,won,Australia,Johannesburg,17-Sep-23
England,311,50,6.22,1,won,New Zealand,Lord's,15-Sep-23
South Africa,416,50,8.32,1,won,Australia,Centurion,15-Sep-23
Bangladesh,265,50,5.3,1,won,India,Colombo (RPS),15-Sep-23
Pakistan,252,42,6,1,lost,Sri Lanka,Colombo (RPS),14-Sep-23
England,368,48.1,7.64,1,won,New Zealand,The Oval,13-Sep-23
South Africa,338,50,6.76,1,won,Australia,Potchefstroom,12-Sep-23
India,213,49.1,4.33,1,won,Sri Lanka,Colombo (RPS),12-Sep-23
England,226,34,6.64,1,won,New Zealand,Southampton,10-Sep-23
India,356,50,7.12,1,won,Pakistan,Colombo (RPS),10-Sep-23
Australia,392,50,7.84,1,won,South Africa,Bloemfontein,09-Sep-23
Sri Lanka,257,50,5.14,1,won,Bangladesh,Colombo (RPS),09-Sep-23
England,291,50,5.82,1,lost,New Zealand,Cardiff,08-Sep-23
South Africa,222,49,4.53,1,lost,Australia,Bloemfontein,07-Sep-23
Bangladesh,193,38.4,4.99,1,lost,Pakistan,Lahore,06-Sep-23
Sri Lanka,291,50,5.82,1,won,Afghanistan,Lahore,05-Sep-23
Nepal,230,48.2,4.75,1,lost,India,Pallekele,04-Sep-23
Bangladesh,334,50,6.68,1,won,Afghanistan,Lahore,03-Sep-23
India,266,48.5,5.44,1,n/r,Pakistan,Pallekele,02-Sep-23
Bangladesh,164,42.4,3.84,1,lost,Sri Lanka,Pallekele,31-Aug-23
Pakistan,342,50,6.84,1,won,Nepal,Multan,30-Aug-23
Pakistan,268,50,5.36,1,won,Afghanistan,Colombo (RPS),26-Aug-23
Afghanistan,300,50,6,1,lost,Pakistan,Hambantota,24-Aug-23
Pakistan,201,47.1,4.26,1,won,Afghanistan,Hambantota,22-Aug-23
India,351,50,7.02,1,won,West Indies,Tarouba,01-Aug-23
India,181,40.5,4.43,1,lost,West Indies,Bridgetown,29-Jul-23
West Indies,114,23,4.95,1,lost,India,Bridgetown,27-Jul-23
Afghanistan,126,45.2,2.77,1,lost,Bangladesh,Chattogram,11-Jul-23
Sri Lanka,233,47.5,4.87,1,won,Netherlands,Harare,09-Jul-23
Afghanistan,331,50,6.62,1,won,Bangladesh,Chattogram,08-Jul-23
West Indies,243,48.1,5.04,1,lost,Sri Lanka,Harare,07-Jul-23
U.A.E.,308,50,6.16,1,won,U.S.A.,Harare,06-Jul-23
Scotland,277,50,5.54,1,lost,Netherlands,Bulawayo,06-Jul-23
Bangladesh,169,43,3.93,1,lost,Afghanistan,Chattogram,05-Jul-23
Oman,221,50,4.42,1,lost,West Indies,Harare,05-Jul-23
Nepal,268,50,5.36,1,lost,Ireland,Harare,04-Jul-23
Scotland,234,50,4.68,1,won,Zimbabwe,Bulawayo,04-Jul-23
Netherlands,362,48,7.54,1,won,Oman,Harare,03-Jul-23
U.A.E.,181,46.5,3.86,1,lost,Nepal,Harare,02-Jul-23
Zimbabwe,165,32.2,5.1,1,lost,Sri Lanka,Bulawayo,02-Jul-23
West Indies,181,43.5,4.12,1,lost,Scotland,Harare,01-Jul-23
U.S.A.,196,42.4,4.59,1,lost,Ireland,Harare,30-Jun-23
Sri Lanka,213,47.4,4.46,1,won,Netherlands,Bulawayo,30-Jun-23
Zimbabwe,332,50,6.64,1,won,Oman,Bulawayo,29-Jun-23
Ireland,349,50,6.98,1,won,U.A.E.,Bulawayo,27-Jun-23
Sri Lanka,245,49.3,4.94,1,won,Scotland,Bulawayo,27-Jun-23
West Indies,374,50,7.48,1,tied,Netherlands,Harare,26-Jun-23
Zimbabwe,408,50,8.16,1,won,U.S.A.,Harare,26-Jun-23
Scotland,320,50,6.4,1,won,Oman,Bulawayo,25-Jun-23
Sri Lanka,325,49.5,6.52,1,won,Ireland,Bulawayo,25-Jun-23
Nepal,167,44.3,3.75,1,lost,Netherlands,Harare,24-Jun-23
Zimbabwe,268,49.5,5.37,1,won,West Indies,Harare,24-Jun-23
Scotland,282,50,5.64,1,won,U.A.E.,Bulawayo,23-Jun-23
Oman,98,30.2,3.23,1,lost,Sri Lanka,Bulawayo,23-Jun-23
U.S.A.,211,50,4.22,1,lost,Netherlands,Harare,22-Jun-23
West Indies,339,50,6.78,1,won,Nepal,Harare,22-Jun-23
U.A.E.,227,50,4.54,1,lost,Oman,Bulawayo,21-Jun-23
Ireland,286,50,5.72,1,lost,Scotland,Bulawayo,21-Jun-23
U.S.A.,207,49,4.22,1,lost,Nepal,Harare,20-Jun-23
Netherlands,315,50,6.3,1,lost,Zimbabwe,Harare,20-Jun-23
Ireland,281,50,5.62,1,lost,Oman,Bulawayo,19-Jun-23
Sri Lanka,355,50,7.1,1,won,U.A.E.,Bulawayo,19-Jun-23
West Indies,297,49.3,6,1,won,U.S.A.,Harare,18-Jun-23
Nepal,290,50,5.8,1,lost,Zimbabwe,Harare,18-Jun-23
U.A.E.,184,36.1,5.08,1,lost,West Indies,Sharjah,09-Jun-23
Afghanistan,116,22.2,5.19,1,lost,Sri Lanka,Hambantota,07-Jun-23
West Indies,306,49.5,6.14,1,won,U.A.E.,Sharjah,06-Jun-23
U.A.E.,202,47.1,4.28,1,lost,West Indies,Sharjah,04-Jun-23
Sri Lanka,323,50,6.46,1,won,Afghanistan,Hambantota,04-Jun-23
Sri Lanka,268,50,5.36,1,lost,Afghanistan,Hambantota,02-Jun-23
Bangladesh,274,48.5,5.61,1,won,Ireland,Chelmsford,14-May-23
Ireland,319,45,7.08,1,lost,Bangladesh,Chelmsford,12-May-23
Bangladesh,246,50,4.92,1,n/r,Ireland,Chelmsford,09-May-23
New Zealand,299,49.3,6.04,1,won,Pakistan,Karachi,07-May-23
Pakistan,334,50,6.68,1,won,New Zealand,Karachi,05-May-23
Pakistan,287,50,5.74,1,won,New Zealand,Karachi,03-May-23
U.A.E.,117,33.1,3.52,1,lost,Nepal,Kirtipur,01-May-23
New Zealand,336,50,6.72,1,lost,Pakistan,Rawalpindi,29-Apr-23
U.A.E.,236,49.2,4.78,1,won,Oman,Mulpani,29-Apr-23
New Zealand,288,50,5.76,1,lost,Pakistan,Rawalpindi,27-Apr-23
Nepal,310,50,6.2,1,won,Oman,Kirtipur,21-Apr-23
Canada,218,50,4.36,1,won,P.N.G.,Windhoek,05-Apr-23
U.A.E.,284,50,5.68,1,won,Jersey,Windhoek,05-Apr-23
U.S.A.,231,50,4.62,1,won,Jersey,Windhoek,04-Apr-23
Namibia,267,50,5.34,1,won,Canada,Windhoek,04-Apr-23
South Africa,370,50,7.4,1,won,Netherlands,Johannesburg,02-Apr-23
U.A.E.,267,50,5.34,1,won,Namibia,Windhoek,02-Apr-23
U.S.A.,235,50,4.7,1,won,P.N.G.,Windhoek,02-Apr-23
Jersey,291,50,5.82,1,won,P.N.G.,Windhoek,01-Apr-23
Canada,254,48.5,5.2,1,lost,U.A.E.,Windhoek,01-Apr-23
Netherlands,189,46.1,4.09,1,lost,South Africa,Benoni,31-Mar-23
Sri Lanka,157,41.3,3.78,1,lost,New Zealand,Hamilton,31-Mar-23
U.A.E.,279,50,5.58,1,lost,U.S.A.,Windhoek,30-Mar-23
Jersey,213,50,4.26,1,lost,Namibia,Windhoek,30-Mar-23
Namibia,381,50,7.62,1,won,P.N.G.,Windhoek,29-Mar-23
Canada,198,49.4,3.98,1,won,U.S.A.,Windhoek,29-Mar-23
Canada,238,50,4.76,1,won,Jersey,Windhoek,27-Mar-23
U.A.E.,260,50,5.2,1,won,P.N.G.,Windhoek,27-Mar-23
U.S.A.,231,50,4.62,1,won,Namibia,Windhoek,26-Mar-23
Netherlands,231,50,4.62,1,lost,Zimbabwe,Harare,25-Mar-23
New Zealand,274,49.3,5.53,1,won,Sri Lanka,Auckland,25-Mar-23
Ireland,101,28.1,3.58,1,lost,Bangladesh,Sylhet,23-Mar-23
Zimbabwe,271,49.2,5.49,1,won,Netherlands,Harare,23-Mar-23
Australia,269,49,5.48,1,won,India,Chennai,22-Mar-23
West Indies,260,48.2,5.37,1,lost,South Africa,Potchefstroom,21-Mar-23
Zimbabwe,249,47.3,5.24,1,lost,Netherlands,Harare,21-Mar-23
Bangladesh,349,50,6.98,1,n/r,Ireland,Sylhet,20-Mar-23
India,117,26,4.5,1,lost,Australia,Visakhapatnam,19-Mar-23
West Indies,335,50,6.7,1,won,South Africa,East London,18-Mar-23
Bangladesh,338,50,6.76,1,won,Ireland,Sylhet,18-Mar-23
Australia,188,35.4,5.27,1,lost,India,Wankhede,17-Mar-23
U.A.E.,310,50,6.2,1,lost,Nepal,Kirtipur,16-Mar-23
P.N.G.,234,50,4.68,1,lost,U.A.E.,Kirtipur,15-Mar-23
P.N.G.,95,32,2.96,1,lost,Nepal,Kirtipur,13-Mar-23
Nepal,248,49.2,5.02,1,won,U.A.E.,Kirtipur,12-Mar-23
P.N.G.,246,50,4.92,1,won,U.A.E.,Kirtipur,10-Mar-23
Nepal,297,49.1,6.04,1,won,P.N.G.,Kirtipur,09-Mar-23
Bangladesh,246,48.5,5.03,1,won,England,Chattogram,06-Mar-23
Nepal,229,50,4.58,1,won,U.A.E.,Dubai (DSC),06-Mar-23
U.A.E.,97,26.2,3.68,1,lost,P.N.G.,Dubai (DSC),05-Mar-23
England,326,50,6.52,1,won,Bangladesh,Mirpur,03-Mar-23
P.N.G.,179,49.2,3.62,1,lost,Nepal,Dubai (DSC),03-Mar-23
U.A.E.,207,50,4.14,1,won,Nepal,Dubai (DSC),02-Mar-23
Bangladesh,209,47.2,4.41,1,lost,England,Mirpur,01-Mar-23
P.N.G.,262,49.1,5.32,1,won,U.A.E.,Dubai (DSC),28-Feb-23
P.N.G.,203,50,4.06,1,lost,Nepal,Dubai (DSC),27-Feb-23
U.A.E.,166,50,3.32,1,lost,Namibia,Dubai (DSC),25-Feb-23
Namibia,91,31.1,2.91,1,lost,U.A.E.,Dubai (DSC),23-Feb-23
Scotland,212,46.1,4.59,1,lost,Nepal,Kirtipur,21-Feb-23
Scotland,221,48.4,4.54,1,won,Namibia,Kirtipur,20-Feb-23
Namibia,274,50,5.48,1,lost,Nepal,Kirtipur,18-Feb-23
Scotland,274,50,5.48,1,lost,Nepal,Kirtipur,17-Feb-23
Namibia,153,39.2,3.88,1,lost,Scotland,Kirtipur,15-Feb-23
Namibia,285,50,5.7,1,lost,Nepal,Kirtipur,14-Feb-23
England,346,50,6.92,1,won,South Africa,Kimberley,01-Feb-23
England,342,50,6.84,1,lost,South Africa,Bloemfontein,29-Jan-23
South Africa,298,50,5.96,1,won,England,Bloemfontein,27-Jan-23
India,385,50,7.7,1,won,New Zealand,Indore,24-Jan-23
Zimbabwe,55,13,4.23,1,n/r,Ireland,Harare,23-Jan-23
New Zealand,108,34.3,3.13,1,lost,India,Raipur,21-Jan-23
Ireland,294,50,5.88,1,won,Zimbabwe,Harare,21-Jan-23
India,349,50,6.98,1,won,New Zealand,Hyderabad,18-Jan-23
Ireland,288,50,5.76,1,lost,Zimbabwe,Harare,18-Jan-23
India,390,50,7.8,1,won,Sri Lanka,Thiruvananthapuram,15-Jan-23
Pakistan,280,50,5.6,1,lost,New Zealand,Karachi,13-Jan-23
Sri Lanka,215,39.4,5.42,1,lost,India,Eden Gardens,12-Jan-23
New Zealand,261,49.5,5.23,1,won,Pakistan,Karachi,11-Jan-23
India,373,50,7.46,1,won,Sri Lanka,Guwahati,10-Jan-23
New Zealand,255,50,5.1,1,lost,Pakistan,Karachi,09-Jan-23
India,409,50,8.18,1,won,Bangladesh,Chattogram,10-Dec-22
Nepal,119,35.3,3.35,1,lost,Scotland,Windhoek,08-Dec-22
Namibia,275,50,5.5,1,won,Nepal,Windhoek,07-Dec-22
Bangladesh,271,50,5.42,1,won,India,Mirpur,07-Dec-22
Scotland,208,50,4.16,1,lost,Namibia,Windhoek,05-Dec-22
Nepal,137,40.1,3.41,1,lost,Scotland,Windhoek,04-Dec-22
India,186,41.2,4.5,1,lost,Bangladesh,Mirpur,04-Dec-22
Nepal,197,49.5,3.95,1,n/r,Namibia,Windhoek,02-Dec-22
Namibia,211,50,4.22,1,lost,Scotland,Windhoek,01-Dec-22
Afghanistan,313,50,6.26,1,lost,Sri Lanka,Pallekele,30-Nov-22
India,219,47.3,4.61,1,n/r,New Zealand,Christchurch,30-Nov-22
Afghanistan,228,48.2,4.71,1,n/r,Sri Lanka,Pallekele,27-Nov-22
India,89,12.5,6.93,1,n/r,New Zealand,Hamilton,27-Nov-22
U.S.A.,211,50,4.22,1,lost,Namibia,Windhoek,26-Nov-22
Afghanistan,294,50,5.88,1,won,Sri Lanka,Pallekele,25-Nov-22
U.S.A.,266,50,5.32,1,won,P.N.G.,Windhoek,25-Nov-22
India,306,50,6.12,1,lost,New Zealand,Auckland,25-Nov-22
P.N.G.,236,49.2,4.78,1,lost,Namibia,Windhoek,23-Nov-22
P.N.G.,149,47.5,3.11,1,lost,U.S.A.,Windhoek,22-Nov-22
Australia,355,48,7.39,1,won,England,Melbourne,22-Nov-22
U.S.A.,244,50,4.88,1,won,Namibia,Windhoek,20-Nov-22
P.N.G.,107,38.5,2.75,1,lost,Namibia,Windhoek,19-Nov-22
Australia,280,50,5.6,1,won,England,Sydney,19-Nov-22
U.A.E.,176,50,3.52,1,lost,Nepal,Kirtipur,18-Nov-22
England,287,50,5.74,1,lost,Australia,Adelaide,17-Nov-22
U.A.E.,191,43.2,4.4,1,lost,Nepal,Kirtipur,16-Nov-22
U.A.E.,263,50,5.26,1,won,Nepal,Kirtipur,14-Nov-22
South Africa,99,27.1,3.64,1,lost,India,Delhi,11-Oct-22
South Africa,278,50,5.56,1,lost,India,Ranchi,09-Oct-22
South Africa,249,40,6.22,1,won,India,Lucknow,06-Oct-22
Namibia,214,50,4.28,1,won,P.N.G.,Port Moresby,21-Sep-22
Namibia,284,50,5.68,1,won,P.N.G.,Port Moresby,20-Sep-22
Namibia,254,50,5.08,1,won,U.S.A.,Port Moresby,17-Sep-22
Namibia,176,48.3,3.62,1,won,U.S.A.,Port Moresby,15-Sep-22
P.N.G.,211,50,4.22,1,won,U.S.A.,Port Moresby,13-Sep-22
Australia,267,50,5.34,1,won,New Zealand,Cairns,11-Sep-22
U.S.A.,205,47,4.36,1,tied,P.N.G.,Port Moresby,11-Sep-22
Australia,195,50,3.9,1,won,New Zealand,Cairns,08-Sep-22
New Zealand,232,50,4.64,1,lost,Australia,Cairns,06-Sep-22
Australia,141,31,4.54,1,lost,Zimbabwe,Townsville,03-Sep-22
Zimbabwe,96,27.5,3.44,1,lost,Australia,Townsville,31-Aug-22
Zimbabwe,200,47.3,4.21,1,lost,Australia,Townsville,28-Aug-22
India,289,50,5.78,1,won,Zimbabwe,Harare,22-Aug-22
West Indies,301,50,6.02,1,lost,New Zealand,Bridgetown,21-Aug-22
Pakistan,206,49.4,4.14,1,won,Netherlands,Rotterdam,21-Aug-22
Zimbabwe,161,38.1,4.21,1,lost,India,Harare,20-Aug-22
New Zealand,212,48.2,4.38,1,won,West Indies,Bridgetown,19-Aug-22
Netherlands,186,44.1,4.21,1,lost,Pakistan,Rotterdam,18-Aug-22
Zimbabwe,189,40.3,4.66,1,lost,India,Harare,18-Aug-22
New Zealand,190,45.2,4.19,1,lost,West Indies,Bridgetown,17-Aug-22
Scotland,249,50,4.98,1,lost,U.S.A.,Aberdeen,17-Aug-22
Pakistan,314,50,6.28,1,won,Netherlands,Rotterdam,16-Aug-22
Scotland,254,50,5.08,1,won,U.A.E.,Aberdeen,14-Aug-22
U.S.A.,295,50,5.9,1,lost,Scotland,Aberdeen,13-Aug-22
U.A.E.,253,50,5.06,1,lost,U.S.A.,Aberdeen,11-Aug-22
Scotland,262,48.5,5.36,1,won,U.A.E.,Aberdeen,10-Aug-22
Bangladesh,256,50,5.12,1,won,Zimbabwe,Harare,10-Aug-22
Bangladesh,290,50,5.8,1,lost,Zimbabwe,Harare,07-Aug-22
Bangladesh,303,50,6.06,1,lost,Zimbabwe,Harare,05-Aug-22
Scotland,306,49.4,6.16,1,lost,New Zealand,Edinburgh,31-Jul-22
India,225,36,6.25,1,won,West Indies,Port of Spain,27-Jul-22
West Indies,311,50,6.22,1,lost,India,Port of Spain,24-Jul-22
South Africa,159,27.4,5.74,1,n/r,England,Leeds,24-Jul-22
India,308,50,6.16,1,won,West Indies,Port of Spain,22-Jul-22
England,201,28.1,7.13,1,won,South Africa,Manchester,22-Jul-22
South Africa,333,50,6.66,1,won,England,Chester-le-Street,19-Jul-22
England,259,45.5,5.65,1,lost,India,Manchester,17-Jul-22
Nepal,128,35.5,3.57,1,lost,Scotland,Glasgow,17-Jul-22
West Indies,178,48.4,3.65,1,lost,Bangladesh,Providence,16-Jul-22
Namibia,199,49.2,4.03,1,won,Nepal,Ayr,16-Jul-22
New Zealand,360,50,7.2,1,won,Ireland,Dublin (Malahide),15-Jul-22
England,246,49,5.02,1,won,India,Lord's,14-Jul-22
Namibia,215,50,4.3,1,lost,Scotland,Glasgow,14-Jul-22
West Indies,108,35,3.08,1,lost,Bangladesh,Providence,13-Jul-22
Scotland,144,42.5,3.36,1,lost,Nepal,Glasgow,13-Jul-22
England,110,25.2,4.34,1,lost,India,The Oval,12-Jul-22
Ireland,216,48,4.5,1,lost,New Zealand,Dublin (Malahide),12-Jul-22
Namibia,220,47.3,4.63,1,won,Nepal,Ayr,11-Jul-22
West Indies,149,41,3.63,1,lost,Bangladesh,Providence,10-Jul-22
Scotland,258,50,5.16,1,won,Namibia,Glasgow,10-Jul-22
Ireland,300,50,6,1,lost,New Zealand,Dublin (Malahide),10-Jul-22
Sri Lanka,160,43.1,3.7,1,lost,Australia,Colombo (RPS),24-Jun-22
Netherlands,244,49.2,4.94,1,lost,England,Amstelveen,22-Jun-22
Sri Lanka,258,49,5.26,1,won,Australia,Colombo (RPS),21-Jun-22
Australia,291,50,5.82,1,lost,Sri Lanka,Colombo (RPS),19-Jun-22
Netherlands,235,41,5.73,1,lost,England,Amstelveen,19-Jun-22
England,498,50,9.96,1,won,Netherlands,Amstelveen,17-Jun-22
Sri Lanka,220,47.4,4.61,1,won,Australia,Pallekele,16-Jun-22
U.S.A.,245,50,4.9,1,won,Nepal,Pearland,15-Jun-22
Oman,163,46.5,3.48,1,lost,Nepal,Pearland,14-Jun-22
Sri Lanka,300,50,6,1,lost,Australia,Pallekele,14-Jun-22
Oman,280,50,5.6,1,won,U.S.A.,Pearland,12-Jun-22
Pakistan,269,48,5.6,1,won,West Indies,Multan,12-Jun-22
Nepal,274,49.2,5.55,1,tied,U.S.A.,Pearland,11-Jun-22
Pakistan,275,50,5.5,1,won,West Indies,Multan,10-Jun-22
Oman,211,50,4.22,1,won,Nepal,Pearland,09-Jun-22
Zimbabwe,135,44.5,3.01,1,lost,Afghanistan,Harare,09-Jun-22
U.S.A.,323,50,6.46,1,won,Oman,Pearland,08-Jun-22
West Indies,305,50,6.1,1,lost,Pakistan,Multan,08-Jun-22
Zimbabwe,228,50,4.56,1,lost,Afghanistan,Harare,06-Jun-22
U.S.A.,198,46.3,4.25,1,lost,U.A.E.,Pearland,04-Jun-22
West Indies,308,50,6.16,1,won,Netherlands,Amstelveen,04-Jun-22
Afghanistan,276,50,5.52,1,won,Zimbabwe,Harare,04-Jun-22
Scotland,171,50,3.42,1,lost,U.A.E.,Pearland,03-Jun-22
Netherlands,214,48.3,4.41,1,lost,West Indies,Amstelveen,02-Jun-22
U.A.E.,203,50,4.06,1,lost,U.S.A.,Pearland,01-Jun-22
U.A.E.,215,50,4.3,1,lost,Scotland,Pearland,31-May-22
Netherlands,240,45,5.33,1,lost,West Indies,Amstelveen,31-May-22
Scotland,300,50,6,1,won,U.S.A.,Pearland,29-May-22
U.S.A.,310,50,6.2,1,won,Scotland,Pearland,28-May-22
Oman,277,50,5.54,1,won,P.N.G.,Dubai (DSC),16-Apr-22
Oman,225,50,4.5,1,lost,Scotland,Dubai (DSC),15-Apr-22
Scotland,287,50,5.74,1,won,P.N.G.,Dubai (DSC),13-Apr-22
P.N.G.,224,50,4.48,1,lost,Oman,Dubai (DSC),12-Apr-22
Scotland,215,49.4,4.32,1,won,Oman,Dubai (DSC),10-Apr-22
Scotland,284,50,5.68,1,won,P.N.G.,Dubai (DSC),09-Apr-22
New Zealand,333,50,6.66,1,won,Netherlands,Hamilton,04-Apr-22
Australia,210,41.5,5.01,1,lost,Pakistan,Lahore,02-Apr-22
New Zealand,264,50,5.28,1,won,Netherlands,Hamilton,02-Apr-22
Australia,348,50,6.96,1,lost,Pakistan,Lahore,31-Mar-22
Australia,313,50,6.26,1,won,Pakistan,Lahore,29-Mar-22
Netherlands,202,49.4,4.06,1,lost,New Zealand,Mount Maunganui,29-Mar-22
Nepal,278,50,5.56,1,lost,P.N.G.,Kirtipur,26-Mar-22
P.N.G.,292,50,5.84,1,won,Nepal,Kirtipur,25-Mar-22
South Africa,154,37,4.16,1,lost,Bangladesh,Centurion,23-Mar-22
P.N.G.,173,50,3.46,1,lost,Nepal,Dubai (DSC),22-Mar-22
U.A.E.,202,50,4.04,1,won,Nepal,Dubai (DSC),21-Mar-22
Bangladesh,194,50,3.88,1,lost,South Africa,Johannesburg,20-Mar-22
U.A.E.,147,50,2.94,1,lost,P.N.G.,Dubai (DSC),19-Mar-22
Bangladesh,314,50,6.28,1,won,South Africa,Centurion,18-Mar-22
U.A.E.,168,46.3,3.61,1,won,Nepal,Dubai (DSC),18-Mar-22
P.N.G.,204,50,4.08,1,lost,Nepal,Sharjah,16-Mar-22
P.N.G.,176,50,3.52,1,lost,U.A.E.,Sharjah,15-Mar-22
Oman,265,50,5.3,1,lost,Namibia,Dubai (DSC),14-Mar-22
U.A.E.,348,50,6.96,1,won,Namibia,Sharjah,12-Mar-22
Namibia,275,50,5.5,1,lost,Oman,Sharjah,11-Mar-22
Oman,221,50,4.42,1,won,U.A.E.,ICCA Dubai,09-Mar-22
Namibia,206,50,4.12,1,lost,U.A.E.,ICCA Dubai,08-Mar-22
Namibia,226,49.5,4.53,1,won,Oman,ICCA Dubai,06-Mar-22
Oman,225,50,4.5,1,won,U.A.E.,ICCA Dubai,05-Mar-22
Bangladesh,192,46.5,4.09,1,lost,Afghanistan,Chattogram,28-Feb-22
Bangladesh,306,50,6.12,1,won,Afghanistan,Chattogram,25-Feb-22
Afghanistan,215,49.1,4.37,1,lost,Bangladesh,Chattogram,23-Feb-22
India,265,50,5.3,1,won,West Indies,Ahmedabad,11-Feb-22
India,237,50,4.74,1,won,West Indies,Ahmedabad,09-Feb-22
Oman,214,49.3,4.32,1,tied,U.A.E.,Al Amerat,08-Feb-22
West Indies,176,43.5,4.01,1,lost,India,Ahmedabad,06-Feb-22
Oman,195,47.2,4.11,1,lost,U.A.E.,Al Amerat,06-Feb-22
Oman,307,50,6.14,1,lost,U.A.E.,Al Amerat,05-Feb-22
Afghanistan,254,50,5.08,1,won,Netherlands,Doha,25-Jan-22
South Africa,287,49.5,5.75,1,won,India,Cape Town,23-Jan-22
Afghanistan,237,50,4.74,1,won,Netherlands,Doha,23-Jan-22
Sri Lanka,254,50,5.08,1,won,Zimbabwe,Pallekele,21-Jan-22
India,287,50,5.74,1,lost,South Africa,Paarl,21-Jan-22
Afghanistan,222,50,4.44,1,won,Netherlands,Doha,21-Jan-22
South Africa,296,50,5.92,1,won,India,Paarl,19-Jan-22
Zimbabwe,302,50,6.04,1,won,Sri Lanka,Pallekele,18-Jan-22
West Indies,212,44.4,4.74,1,lost,Ireland,Kingston,16-Jan-22
Zimbabwe,296,50,5.92,1,lost,Sri Lanka,Pallekele,16-Jan-22
West Indies,229,48,4.77,1,lost,Ireland,Kingston,13-Jan-22
West Indies,269,48.5,5.5,1,won,Ireland,Kingston,08-Jan-22
Oman,291,50,5.82,1,won,Namibia,Windhoek,27-Nov-21
South Africa,277,50,5.54,1,n/r,Netherlands,Centurion,26-Nov-21
Namibia,228,50,4.56,1,won,Oman,Windhoek,26-Nov-21
Scotland,100,23.2,4.28,1,n/r,Oman,Al Amerat,02-Oct-21
P.N.G.,150,43.2,3.46,1,lost,Oman,Al Amerat,01-Oct-21
P.N.G.,226,50,4.52,1,lost,Scotland,Al Amerat,29-Sep-21
Scotland,273,50,5.46,1,won,Oman,Al Amerat,28-Sep-21
Oman,250,50,5,1,won,P.N.G.,Al Amerat,26-Sep-21
P.N.G.,197,47.4,4.13,1,lost,Scotland,Al Amerat,25-Sep-21
Oman,274,50,5.48,1,won,U.S.A.,Al Amerat,20-Sep-21
Oman,121,37.1,3.25,1,lost,Nepal,Al Amerat,19-Sep-21
Nepal,174,48,3.62,1,lost,U.S.A.,Al Amerat,17-Sep-21
U.S.A.,178,44.4,3.98,1,lost,Oman,Al Amerat,16-Sep-21
Nepal,196,47.4,4.11,1,lost,Oman,Al Amerat,14-Sep-21
U.S.A.,230,50,4.6,1,lost,Nepal,Al Amerat,13-Sep-21
Zimbabwe,131,34,3.85,1,lost,Ireland,Belfast,13-Sep-21
Nepal,233,49.3,4.7,1,won,P.N.G.,Al Amerat,10-Sep-21
Ireland,282,50,5.64,1,n/r,Zimbabwe,Belfast,10-Sep-21
U.S.A.,271,50,5.42,1,won,P.N.G.,Al Amerat,09-Sep-21
Zimbabwe,266,50,5.32,1,won,Ireland,Belfast,08-Sep-21
Sri Lanka,203,50,4.06,1,won,South Africa,Colombo (RPS),07-Sep-21
P.N.G.,134,33,4.06,1,lost,Nepal,Al Amerat,07-Sep-21
P.N.G.,158,44.2,3.56,1,lost,U.S.A.,Al Amerat,06-Sep-21
South Africa,283,47,6.02,1,won,Sri Lanka,Colombo (RPS),04-Sep-21
Sri Lanka,300,50,6,1,won,South Africa,Colombo (RPS),02-Sep-21
West Indies,152,45.1,3.36,1,lost,Australia,Bridgetown,26-Jul-21
India,225,43.1,5.21,1,lost,Sri Lanka,Colombo (RPS),23-Jul-21
Australia,187,47.1,3.96,1,lost,West Indies,Bridgetown,22-Jul-21
Australia,252,49,5.14,1,won,West Indies,Bridgetown,20-Jul-21
Sri Lanka,275,50,5.5,1,lost,India,Colombo (RPS),20-Jul-21
Zimbabwe,298,49.3,6.02,1,lost,Bangladesh,Harare,20-Jul-21
Sri Lanka,262,50,5.24,1,lost,India,Colombo (RPS),18-Jul-21
Zimbabwe,240,50,4.8,1,lost,Bangladesh,Harare,18-Jul-21
South Africa,346,50,6.92,1,won,Ireland,Dublin (Malahide),16-Jul-21
Bangladesh,276,50,5.52,1,won,Zimbabwe,Harare,16-Jul-21
Pakistan,331,50,6.62,1,lost,England,Birmingham,13-Jul-21
Ireland,290,50,5.8,1,won,South Africa,Dublin (Malahide),13-Jul-21
Ireland,195,40.2,4.83,1,n/r,South Africa,Dublin (Malahide),11-Jul-21
England,247,45.2,5.44,1,won,Pakistan,Lord's,10-Jul-21
Pakistan,141,35.2,3.99,1,lost,England,Cardiff,08-Jul-21
Sri Lanka,166,41.1,4.03,1,n/r,England,Bristol,04-Jul-21
Sri Lanka,241,50,4.82,1,lost,England,The Oval,01-Jul-21
Sri Lanka,185,42.3,4.35,1,lost,England,Chester-le-Street,29-Jun-21
Ireland,163,49.2,3.3,1,lost,Netherlands,Utrecht,07-Jun-21
Netherlands,157,49.2,3.18,1,lost,Ireland,Utrecht,04-Jun-21
Netherlands,195,50,3.9,1,won,Ireland,Utrecht,02-Jun-21
Sri Lanka,286,50,5.72,1,won,Bangladesh,Mirpur,28-May-21
Bangladesh,246,48.1,5.1,1,won,Sri Lanka,Mirpur,25-May-21
Bangladesh,257,50,5.14,1,won,Sri Lanka,Mirpur,23-May-21
Netherlands,171,48.4,3.51,1,lost,Scotland,Rotterdam,20-May-21
Netherlands,163,33,4.93,1,won,Scotland,Rotterdam,19-May-21
Pakistan,320,50,6.4,1,won,South Africa,Centurion,07-Apr-21
South Africa,341,50,6.82,1,won,Pakistan,Johannesburg,04-Apr-21
South Africa,273,50,5.46,1,lost,Pakistan,Centurion,02-Apr-21
India,329,48.2,6.8,1,won,England,Pune,28-Mar-21
India,336,50,6.72,1,lost,England,Pune,26-Mar-21
New Zealand,318,50,6.36,1,won,Bangladesh,Wellington,26-Mar-21
India,317,50,6.34,1,won,England,Pune,23-Mar-21
Bangladesh,271,50,5.42,1,lost,New Zealand,Christchurch,23-Mar-21
Bangladesh,131,41.5,3.13,1,lost,New Zealand,Dunedin,20-Mar-21
Sri Lanka,274,50,5.48,1,lost,West Indies,North Sound,14-Mar-21
Sri Lanka,273,50,5.46,1,lost,West Indies,North Sound,12-Mar-21
Sri Lanka,232,49,4.73,1,lost,West Indies,North Sound,10-Mar-21
Afghanistan,266,50,5.32,1,won,Ireland,Abu Dhabi,26-Jan-21
Bangladesh,297,50,5.94,1,won,West Indies,Chattogram,25-Jan-21
Ireland,259,50,5.18,1,lost,Afghanistan,Abu Dhabi,24-Jan-21
West Indies,148,43.4,3.38,1,lost,Bangladesh,Mirpur,22-Jan-21
Afghanistan,287,50,5.74,1,won,Ireland,Abu Dhabi,21-Jan-21
West Indies,122,32.2,3.77,1,lost,Bangladesh,Mirpur,20-Jan-21
Ireland,228,50,4.56,1,won,U.A.E.,Abu Dhabi,18-Jan-21
Ireland,269,50,5.38,1,lost,U.A.E.,Abu Dhabi,08-Jan-21
India,302,50,6.04,1,won,Australia,Canberra,02-Dec-20
Australia,389,50,7.78,1,won,India,Sydney,29-Nov-20
Australia,374,50,7.48,1,won,India,Sydney,27-Nov-20
Zimbabwe,278,50,5.56,1,tied,Pakistan,Rawalpindi,03-Nov-20
Zimbabwe,206,45.1,4.56,1,lost,Pakistan,Rawalpindi,01-Nov-20
Pakistan,281,50,5.62,1,won,Zimbabwe,Rawalpindi,30-Oct-20
England,302,50,6.04,1,lost,Australia,Manchester,16-Sep-20
England,231,50,4.62,1,won,Australia,Manchester,13-Sep-20
Australia,294,50,5.88,1,won,England,Manchester,11-Sep-20
England,328,49.5,6.58,1,lost,Ireland,Southampton,04-Aug-20
Ireland,212,50,4.24,1,lost,England,Southampton,01-Aug-20
Ireland,172,44.4,3.85,1,lost,England,Southampton,30-Jul-20
Australia,258,50,5.16,1,won,New Zealand,Sydney,13-Mar-20
Australia,254,50,5.08,1,lost,South Africa,Potchefstroom,07-Mar-20
Bangladesh,322,43,7.48,1,won,Zimbabwe,Sylhet,06-Mar-20
Australia,271,50,5.42,1,lost,South Africa,Bloemfontein,04-Mar-20
Bangladesh,322,50,6.44,1,won,Zimbabwe,Sylhet,03-Mar-20
Sri Lanka,307,50,6.14,1,won,West Indies,Pallekele,01-Mar-20
Bangladesh,321,50,6.42,1,won,Zimbabwe,Sylhet,01-Mar-20
South Africa,291,50,5.82,1,won,Australia,Paarl,29-Feb-20
Sri Lanka,345,50,6.9,1,won,West Indies,Hambantota,26-Feb-20
West Indies,289,50,5.78,1,lost,Sri Lanka,Colombo (SSC),22-Feb-20
U.S.A.,35,12,2.91,1,lost,Nepal,Kirtipur,12-Feb-20
Oman,276,50,5.52,1,won,U.S.A.,Kirtipur,11-Feb-20
India,296,50,5.92,1,lost,New Zealand,Mount Maunganui,11-Feb-20
South Africa,256,50,5.12,1,lost,England,Johannesburg,09-Feb-20
Nepal,249,50,4.98,1,lost,Oman,Kirtipur,09-Feb-20
Nepal,190,49.2,3.85,1,won,U.S.A.,Kirtipur,08-Feb-20
New Zealand,273,50,5.46,1,won,India,Auckland,08-Feb-20
South Africa,71,11.2,6.26,1,n/r,England,Durban,07-Feb-20
U.S.A.,213,50,4.26,1,lost,Oman,Kirtipur,06-Feb-20
Oman,197,50,3.94,1,won,Nepal,Kirtipur,05-Feb-20
India,347,50,6.94,1,lost,New Zealand,Hamilton,05-Feb-20
England,258,50,5.16,1,lost,South Africa,Cape Town,04-Feb-20
Australia,286,50,5.72,1,lost,India,Bengaluru,19-Jan-20
India,340,50,6.8,1,won,Australia,Rajkot,17-Jan-20
India,255,49.1,5.18,1,lost,Australia,Wankhede,14-Jan-20
Ireland,203,49.1,4.12,1,lost,West Indies,St George's,12-Jan-20
Ireland,237,50,4.74,1,lost,West Indies,Bridgetown,09-Jan-20
Namibia,94,29,3.24,1,lost,U.A.E.,Al Amerat,09-Jan-20
Namibia,324,50,6.48,1,won,Oman,Al Amerat,08-Jan-20
Ireland,180,46.1,3.89,1,lost,West Indies,Bridgetown,07-Jan-20
U.A.E.,222,50,4.44,1,won,Namibia,Al Amerat,06-Jan-20
U.A.E.,170,47.1,3.6,1,lost,Oman,Al Amerat,05-Jan-20
West Indies,315,50,6.3,1,lost,India,Cuttack,22-Dec-19
India,387,50,7.74,1,won,West Indies,Visakhapatnam,18-Dec-19
India,287,50,5.74,1,lost,West Indies,Chennai,15-Dec-19
Scotland,220,48.3,4.53,1,lost,U.A.E.,ICCA Dubai,15-Dec-19
U.S.A.,245,50,4.9,1,lost,Scotland,ICCA Dubai,14-Dec-19
U.S.A.,213,49.5,4.27,1,won,U.A.E.,ICCA Dubai,12-Dec-19
U.S.A.,282,50,5.64,1,won,Scotland,Sharjah,09-Dec-19
U.A.E.,202,45.2,4.45,1,lost,U.S.A.,Sharjah,08-Dec-19
Afghanistan,249,50,4.98,1,lost,West Indies,Lucknow,11-Nov-19
West Indies,247,50,4.94,1,won,Afghanistan,Lucknow,09-Nov-19
Afghanistan,194,45.2,4.27,1,lost,West Indies,Lucknow,06-Nov-19
Sri Lanka,297,50,5.94,1,lost,Pakistan,Karachi,02-Oct-19
Pakistan,305,50,6.1,1,won,Sri Lanka,Karachi,30-Sep-19
Namibia,260,50,5.2,1,won,P.N.G.,Lauderhill,23-Sep-19
P.N.G.,219,50,4.38,1,lost,Namibia,Lauderhill,22-Sep-19
Namibia,287,49,5.85,1,won,U.S.A.,Lauderhill,20-Sep-19
U.S.A.,177,48.1,3.67,1,won,P.N.G.,Lauderhill,19-Sep-19
Namibia,121,46,2.63,1,lost,U.S.A.,Lauderhill,17-Sep-19
U.S.A.,251,50,5.02,1,won,P.N.G.,Lauderhill,13-Sep-19
P.N.G.,206,50,4.12,1,lost,Oman,Aberdeen,21-Aug-19
Scotland,242,50,4.84,1,won,P.N.G.,Aberdeen,20-Aug-19
Scotland,223,50,4.46,1,won,Oman,Aberdeen,18-Aug-19
P.N.G.,205,50,4.1,1,lost,Scotland,Aberdeen,17-Aug-19
Scotland,168,44.5,3.74,1,lost,Oman,Aberdeen,15-Aug-19
West Indies,240,35,6.85,1,lost,India,Port of Spain,14-Aug-19
P.N.G.,229,50,4.58,1,lost,Oman,Aberdeen,14-Aug-19
India,279,50,5.58,1,won,West Indies,Port of Spain,11-Aug-19
West Indies,54,13,4.15,1,n/r,India,Providence,08-Aug-19
Sri Lanka,294,50,5.88,1,won,Bangladesh,Colombo (RPS),31-Jul-19
Bangladesh,238,50,4.76,1,lost,Sri Lanka,Colombo (RPS),28-Jul-19
Sri Lanka,314,50,6.28,1,won,Bangladesh,Colombo (RPS),26-Jul-19
New Zealand,241,50,4.82,1,tied,England,Lord's,14-Jul-19
Australia,223,49,4.55,1,lost,England,Birmingham,11-Jul-19
New Zealand,239,50,4.78,1,won,India,Manchester,09-Jul-19
Zimbabwe,190,46.5,4.05,1,lost,Ireland,Belfast,07-Jul-19
South Africa,325,50,6.5,1,won,Australia,Manchester,06-Jul-19
Sri Lanka,264,50,5.28,1,lost,India,Leeds,06-Jul-19
Pakistan,315,50,6.3,1,won,Bangladesh,Lord's,05-Jul-19
Ireland,242,50,4.84,1,won,Zimbabwe,Belfast,04-Jul-19
West Indies,311,50,6.22,1,won,Afghanistan,Leeds,04-Jul-19
England,305,50,6.1,1,won,New Zealand,Chester-le-Street,03-Jul-19
India,314,50,6.28,1,won,Bangladesh,Birmingham,02-Jul-19
Zimbabwe,254,50,5.08,1,lost,Ireland,Bready,01-Jul-19
Sri Lanka,338,50,6.76,1,won,West Indies,Chester-le-Street,01-Jul-19
England,337,50,6.74,1,won,India,Birmingham,30-Jun-19
Australia,243,50,4.86,1,won,New Zealand,Lord's,29-Jun-19
Afghanistan,227,50,4.54,1,lost,Pakistan,Leeds,29-Jun-19
Sri Lanka,203,49.3,4.1,1,lost,South Africa,Chester-le-Street,28-Jun-19
India,268,50,5.36,1,won,West Indies,Manchester,27-Jun-19
New Zealand,237,50,4.74,1,lost,Pakistan,Birmingham,26-Jun-19
Australia,285,50,5.7,1,won,England,Lord's,25-Jun-19
Bangladesh,262,50,5.24,1,won,Afghanistan,Southampton,24-Jun-19
Pakistan,308,50,6.16,1,won,South Africa,Lord's,23-Jun-19
New Zealand,291,50,5.82,1,won,West Indies,Manchester,22-Jun-19
India,224,50,4.48,1,won,Afghanistan,Southampton,22-Jun-19
Sri Lanka,232,50,4.64,1,won,England,Leeds,21-Jun-19
Zimbabwe,290,50,5.8,1,lost,Netherlands,Deventer,21-Jun-19
Australia,381,50,7.62,1,won,Bangladesh,Nottingham,20-Jun-19
South Africa,241,49,4.91,1,lost,New Zealand,Birmingham,19-Jun-19
Zimbabwe,205,47,4.36,1,lost,Netherlands,Deventer,19-Jun-19
England,397,50,7.94,1,won,Afghanistan,Manchester,18-Jun-19
West Indies,321,50,6.42,1,lost,Bangladesh,Taunton,17-Jun-19
India,336,50,6.72,1,won,Pakistan,Manchester,16-Jun-19
Afghanistan,125,34.1,3.65,1,lost,South Africa,Cardiff,15-Jun-19
Australia,334,50,6.68,1,won,Sri Lanka,The Oval,15-Jun-19
West Indies,212,44.4,4.74,1,lost,England,Southampton,14-Jun-19
Australia,307,49,6.26,1,won,Pakistan,Taunton,12-Jun-19
South Africa,29,7.3,3.86,1,n/r,West Indies,Southampton,10-Jun-19
India,352,50,7.04,1,won,Australia,The Oval,09-Jun-19
Afghanistan,172,41.1,4.17,1,lost,New Zealand,Taunton,08-Jun-19
England,386,50,7.72,1,won,Bangladesh,Cardiff,08-Jun-19
Australia,288,49,5.87,1,won,West Indies,Nottingham,06-Jun-19
Bangladesh,244,49.2,4.94,1,lost,New Zealand,The Oval,05-Jun-19
South Africa,227,50,4.54,1,lost,India,Southampton,05-Jun-19
Sri Lanka,201,36.5,5.45,1,won,Afghanistan,Cardiff,04-Jun-19
Pakistan,348,50,6.96,1,won,England,Nottingham,03-Jun-19
Bangladesh,330,50,6.6,1,won,South Africa,The Oval,02-Jun-19
Afghanistan,207,38.2,5.4,1,lost,Australia,Bristol,01-Jun-19
Sri Lanka,136,29.2,4.63,1,lost,New Zealand,Cardiff,01-Jun-19
Pakistan,105,21.4,4.84,1,lost,West Indies,Nottingham,31-May-19
England,311,50,6.22,1,won,South Africa,The Oval,30-May-19
Sri Lanka,322,50,6.44,1,won,Scotland,Edinburgh,21-May-19
Afghanistan,305,50,6.1,1,won,Ireland,Belfast,21-May-19
England,351,50,7.02,1,won,Pakistan,Leeds,19-May-19
Ireland,210,48.5,4.3,1,won,Afghanistan,Belfast,19-May-19
Pakistan,340,50,6.8,1,lost,England,Nottingham,17-May-19
West Indies,152,24,6.33,1,lost,Bangladesh,Dublin (Malahide),17-May-19
Ireland,292,50,5.84,1,lost,Bangladesh,Dublin,15-May-19
Pakistan,358,50,7.16,1,lost,England,Bristol,14-May-19
West Indies,247,50,4.94,1,lost,Bangladesh,Dublin (Malahide),13-May-19
England,373,50,7.46,1,won,Pakistan,Southampton,11-May-19
Ireland,327,50,6.54,1,lost,West Indies,Dublin (Malahide),11-May-19
Scotland,325,50,6.5,1,lost,Afghanistan,Edinburgh,10-May-19
Pakistan,80,19,4.21,1,n/r,England,The Oval,08-May-19
West Indies,261,50,5.22,1,lost,Bangladesh,Dublin,07-May-19
West Indies,381,50,7.62,1,won,Ireland,Dublin,05-May-19
Ireland,198,43.1,4.58,1,lost,England,Dublin (Malahide),03-May-19
U.S.A.,164,43.4,3.75,1,lost,P.N.G.,Windhoek,27-Apr-19
Namibia,226,50,4.52,1,won,Oman,Windhoek,27-Apr-19
U.A.E.,175,47.1,3.71,1,lost,Zimbabwe,Harare,16-Apr-19
Zimbabwe,307,50,6.14,1,won,U.A.E.,Harare,14-Apr-19
U.A.E.,169,35,4.82,1,lost,Zimbabwe,Harare,12-Apr-19
U.A.E.,110,44.5,2.45,1,lost,Zimbabwe,Harare,10-Apr-19
Australia,327,50,6.54,1,won,Pakistan,Dubai (DSC),31-Mar-19
Australia,277,50,5.54,1,won,Pakistan,Dubai (DSC),29-Mar-19
Australia,266,50,5.32,1,won,Pakistan,Abu Dhabi,27-Mar-19
Pakistan,284,50,5.68,1,lost,Australia,Sharjah,24-Mar-19
Pakistan,280,50,5.6,1,lost,Australia,Sharjah,22-Mar-19
Sri Lanka,225,49.3,4.54,1,lost,South Africa,Cape Town,16-Mar-19
Sri Lanka,189,39.2,4.8,1,lost,South Africa,Gqeberha,13-Mar-19
Australia,272,50,5.44,1,won,India,Delhi,13-Mar-19
South Africa,331,50,6.62,1,won,Sri Lanka,Durban,10-Mar-19
India,358,50,7.16,1,lost,Australia,Mohali,10-Mar-19
Afghanistan,216,50,4.32,1,lost,Ireland,Dehradun,10-Mar-19
Australia,313,50,6.26,1,won,India,Ranchi,08-Mar-19
Afghanistan,223,49.1,4.53,1,won,Ireland,Dehradun,08-Mar-19
South Africa,251,45.1,5.55,1,won,Sri Lanka,Centurion,06-Mar-19
India,250,48.2,5.17,1,won,Australia,Nagpur,05-Mar-19
Afghanistan,256,50,5.12,1,lost,Ireland,Dehradun,05-Mar-19
Sri Lanka,231,47,4.91,1,lost,South Africa,Johannesburg,03-Mar-19
England,113,28.1,4.01,1,lost,West Indies,Gros Islet,02-Mar-19
Australia,236,50,4.72,1,lost,India,Hyderabad,02-Mar-19
Afghanistan,250,48.3,5.15,1,n/r,Ireland,Dehradun,02-Mar-19
Ireland,161,49.2,3.26,1,lost,Afghanistan,Dehradun,28-Feb-19
England,418,50,8.36,1,won,West Indies,St George's,27-Feb-19
West Indies,289,50,5.78,1,won,England,Bridgetown,22-Feb-19
West Indies,360,50,7.2,1,lost,England,Bridgetown,20-Feb-19
New Zealand,330,50,6.6,1,won,Bangladesh,Dunedin,20-Feb-19
Bangladesh,226,49.4,4.55,1,lost,New Zealand,Christchurch,16-Feb-19
Bangladesh,232,48.5,4.75,1,lost,New Zealand,Napier,13-Feb-19
India,252,49.5,5.05,1,won,New Zealand,Wellington,03-Feb-19
India,92,30.5,2.98,1,lost,New Zealand,Hamilton,31-Jan-19
Pakistan,240,50,4.8,1,lost,South Africa,Cape Town,30-Jan-19
U.A.E.,254,50,5.08,1,lost,Nepal,ICCA Dubai,28-Jan-19
New Zealand,243,49,4.95,1,lost,India,Mount Maunganui,28-Jan-19
South Africa,164,41,4,1,lost,Pakistan,Johannesburg,27-Jan-19
Nepal,242,50,4.84,1,won,U.A.E.,ICCA Dubai,26-Jan-19
India,324,50,6.48,1,won,New Zealand,Mount Maunganui,26-Jan-19
Pakistan,317,50,6.34,1,lost,South Africa,Centurion,25-Jan-19
Nepal,113,33.5,3.33,1,lost,U.A.E.,ICCA Dubai,25-Jan-19
New Zealand,157,38,4.13,1,lost,India,Napier,23-Jan-19
Pakistan,203,45.5,4.42,1,lost,South Africa,Durban,22-Jan-19
South Africa,266,50,5.32,1,lost,Pakistan,Gqeberha,19-Jan-19
Australia,230,48.4,4.72,1,lost,India,Melbourne,18-Jan-19
Australia,298,50,5.96,1,lost,India,Adelaide,15-Jan-19
Australia,288,50,5.76,1,won,India,Sydney,12-Jan-19
New Zealand,364,50,7.28,1,won,Sri Lanka,Nelson,08-Jan-19
New Zealand,319,50,6.38,1,won,Sri Lanka,Mount Maunganui,05-Jan-19
New Zealand,371,50,7.42,1,won,Sri Lanka,Mount Maunganui,03-Jan-19
West Indies,198,50,3.96,1,lost,Bangladesh,Sylhet,14-Dec-18
Bangladesh,255,50,5.1,1,lost,West Indies,Mirpur,11-Dec-18
West Indies,195,50,3.9,1,lost,Bangladesh,Mirpur,09-Dec-18
Pakistan,279,50,5.58,1,n/r,New Zealand,Dubai (DSC),11-Nov-18
South Africa,320,50,6.4,1,won,Australia,Hobart,11-Nov-18
New Zealand,209,50,4.18,1,lost,Pakistan,Abu Dhabi,09-Nov-18
Australia,231,48.3,4.76,1,won,South Africa,Adelaide,09-Nov-18
New Zealand,266,50,5.32,1,won,Pakistan,Abu Dhabi,07-Nov-18
Australia,152,38.1,3.98,1,lost,South Africa,Perth,04-Nov-18
West Indies,104,31.5,3.26,1,lost,India,Thiruvananthapuram,01-Nov-18
India,377,50,7.54,1,won,West Indies,Brabourne,29-Oct-18
West Indies,283,50,5.66,1,won,India,Pune,27-Oct-18
Zimbabwe,286,50,5.72,1,lost,Bangladesh,Chattogram,26-Oct-18
Zimbabwe,246,50,4.92,1,lost,Bangladesh,Chattogram,24-Oct-18
India,321,50,6.42,1,tied,West Indies,Visakhapatnam,24-Oct-18
Sri Lanka,366,50,7.32,1,won,England,Colombo (RPS),23-Oct-18
Bangladesh,271,50,5.42,1,won,Zimbabwe,Mirpur,21-Oct-18
West Indies,322,50,6.44,1,lost,India,Guwahati,21-Oct-18
Sri Lanka,273,50,5.46,1,lost,England,Pallekele,20-Oct-18
Sri Lanka,150,21,7.14,1,lost,England,Pallekele,17-Oct-18
England,278,50,5.56,1,won,Sri Lanka,Dambulla,13-Oct-18
England,92,15,6.13,1,n/r,Sri Lanka,Dambulla,10-Oct-18
Zimbabwe,228,49.3,4.6,1,lost,South Africa,Paarl,06-Oct-18
South Africa,198,47.3,4.16,1,won,Zimbabwe,Bloemfontein,03-Oct-18
Zimbabwe,117,34.1,3.42,1,lost,South Africa,Kimberley,30-Sep-18
Bangladesh,222,48.3,4.57,1,lost,India,Dubai (DSC),28-Sep-18
Bangladesh,239,48.5,4.89,1,won,Pakistan,Abu Dhabi,26-Sep-18
Afghanistan,252,50,5.04,1,tied,India,Dubai (DSC),25-Sep-18
Bangladesh,249,50,4.98,1,won,Afghanistan,Abu Dhabi,23-Sep-18
Pakistan,237,50,4.74,1,lost,India,Dubai (DSC),23-Sep-18
Afghanistan,257,50,5.14,1,lost,Pakistan,Abu Dhabi,21-Sep-18
Bangladesh,173,49.1,3.51,1,lost,India,Dubai (DSC),21-Sep-18
Afghanistan,255,50,5.1,1,won,Bangladesh,Abu Dhabi,20-Sep-18
Pakistan,162,43.1,3.75,1,lost,India,Dubai (DSC),19-Sep-18
India,285,50,5.7,1,won,Hong Kong,Dubai (DSC),18-Sep-18
Afghanistan,249,50,4.98,1,won,Sri Lanka,Abu Dhabi,17-Sep-18
Hong Kong,116,37.1,3.12,1,lost,Pakistan,Dubai (DSC),16-Sep-18
Bangladesh,261,49.3,5.27,1,won,Sri Lanka,Dubai (DSC),15-Sep-18
Ireland,124,36.1,3.42,1,lost,Afghanistan,Belfast,31-Aug-18
U.A.E.,254,50,5.08,1,won,Nepal,Kuala Lumpur,30-Aug-18
Afghanistan,182,50,3.64,1,lost,Ireland,Belfast,29-Aug-18
Afghanistan,227,50,4.54,1,won,Ireland,Belfast,27-Aug-18
Sri Lanka,299,50,5.98,1,won,South Africa,Colombo (RPS),12-Aug-18
Sri Lanka,306,39,7.84,1,won,South Africa,Pallekele,08-Aug-18
South Africa,363,50,7.26,1,won,Sri Lanka,Pallekele,05-Aug-18
Nepal,216,48.5,4.42,1,won,Netherlands,Amstelveen,03-Aug-18
Sri Lanka,244,50,4.88,1,lost,South Africa,Dambulla,01-Aug-18
Netherlands,189,47.4,3.96,1,won,Nepal,Amstelveen,01-Aug-18
Sri Lanka,193,34.3,5.59,1,lost,South Africa,Dambulla,29-Jul-18
Bangladesh,301,50,6.02,1,won,West Indies,Basseterre,28-Jul-18
West Indies,271,49.3,5.47,1,won,Bangladesh,Providence,25-Jul-18
Bangladesh,279,50,5.58,1,won,West Indies,Providence,22-Jul-18
Pakistan,364,50,7.28,1,won,Zimbabwe,Bulawayo,22-Jul-18
Pakistan,399,50,7.98,1,won,Zimbabwe,Bulawayo,20-Jul-18
Zimbabwe,67,25.1,2.66,1,lost,Pakistan,Bulawayo,18-Jul-18
India,256,50,5.12,1,lost,England,Leeds,17-Jul-18
Zimbabwe,194,49.2,3.93,1,lost,Pakistan,Bulawayo,16-Jul-18
England,322,50,6.44,1,won,India,Lord's,14-Jul-18
Pakistan,308,50,6.16,1,won,Zimbabwe,Bulawayo,13-Jul-18
England,268,49.5,5.37,1,lost,India,Nottingham,12-Jul-18
Australia,205,34.4,5.91,1,lost,England,Manchester,24-Jun-18
Australia,310,50,6.2,1,lost,England,Chester-le-Street,21-Jun-18
England,481,50,9.62,1,won,Australia,Nottingham,19-Jun-18
England,342,50,6.84,1,won,Australia,Cardiff,16-Jun-18
Australia,214,47,4.55,1,lost,England,The Oval,13-Jun-18
Scotland,371,50,7.42,1,won,England,Edinburgh,10-Jun-18
West Indies,204,46.5,4.35,1,lost,Afghanistan,Harare,25-Mar-18
Ireland,209,50,4.18,1,lost,Afghanistan,Harare,23-Mar-18
U.A.E.,235,47.5,4.91,1,won,Zimbabwe,Harare,22-Mar-18
West Indies,198,48.4,4.06,1,won,Scotland,Harare,21-Mar-18
U.A.E.,177,43,4.11,1,lost,Afghanistan,Harare,20-Mar-18
Zimbabwe,289,50,5.78,1,lost,West Indies,Harare,19-Mar-18
Ireland,271,50,5.42,1,won,Scotland,Harare,18-Mar-18
P.N.G.,200,48.2,4.13,1,won,Hong Kong,Harare,17-Mar-18
Zimbabwe,211,50,4.22,1,won,Ireland,Harare,16-Mar-18
Scotland,322,50,6.44,1,won,U.A.E.,Bulawayo,15-Mar-18
West Indies,197,50,3.94,1,lost,Afghanistan,Harare,15-Mar-18
Zimbabwe,210,46.4,4.5,1,tied,Scotland,Bulawayo,12-Mar-18
Ireland,313,44,7.11,1,won,U.A.E.,Harare,12-Mar-18
Zimbabwe,263,50,5.26,1,won,Hong Kong,Bulawayo,10-Mar-18
West Indies,257,50,5.14,1,won,Ireland,Harare,10-Mar-18
New Zealand,223,49.5,4.47,1,lost,England,Christchurch,10-Mar-18
P.N.G.,200,42.4,4.68,1,lost,West Indies,Harare,08-Mar-18
Hong Kong,241,50,4.82,1,won,Afghanistan,Bulawayo,08-Mar-18
England,335,50,6.7,1,lost,New Zealand,Dunedin,07-Mar-18
Zimbabwe,196,43,4.55,1,won,Afghanistan,Bulawayo,06-Mar-18
West Indies,357,50,7.14,1,won,U.A.E.,Harare,06-Mar-18
P.N.G.,235,50,4.7,1,lost,Ireland,Harare,06-Mar-18
Hong Kong,91,38.2,2.37,1,lost,Scotland,Bulawayo,06-Mar-18
U.A.E.,221,49.4,4.44,1,won,P.N.G.,Harare,04-Mar-18
Afghanistan,255,49.4,5.13,1,lost,Scotland,Bulawayo,04-Mar-18
England,234,50,4.68,1,won,New Zealand,Wellington,03-Mar-18
New Zealand,223,49.4,4.48,1,lost,England,Mount Maunganui,28-Feb-18
England,284,50,5.68,1,lost,New Zealand,Hamilton,25-Feb-18
Afghanistan,241,50,4.82,1,won,Zimbabwe,Sharjah,19-Feb-18
South Africa,204,46.5,4.35,1,lost,India,Centurion,16-Feb-18
Zimbabwe,134,38,3.52,1,lost,Afghanistan,Sharjah,16-Feb-18
India,274,50,5.48,1,won,South Africa,Gqeberha,13-Feb-18
Zimbabwe,154,34.3,4.46,1,lost,Afghanistan,Sharjah,13-Feb-18
Zimbabwe,333,50,6.66,1,won,Afghanistan,Sharjah,11-Feb-18
India,289,50,5.78,1,lost,South Africa,Johannesburg,10-Feb-18
Afghanistan,333,50,6.66,1,won,Zimbabwe,Sharjah,09-Feb-18
India,303,50,6.06,1,won,South Africa,Cape Town,07-Feb-18
South Africa,118,32.2,3.64,1,lost,India,Centurion,04-Feb-18
South Africa,269,50,5.38,1,lost,India,Durban,01-Feb-18
England,259,47.4,5.43,1,won,Australia,Perth,28-Jan-18
Sri Lanka,221,50,4.42,1,won,Bangladesh,Mirpur,27-Jan-18
England,196,44.5,4.37,1,lost,Australia,Adelaide,26-Jan-18
Bangladesh,82,24,3.41,1,lost,Sri Lanka,Mirpur,25-Jan-18
Bangladesh,216,50,4.32,1,won,Zimbabwe,Mirpur,23-Jan-18
Scotland,299,50,5.98,1,lost,U.A.E.,ICCA Dubai,23-Jan-18
Zimbabwe,198,44,4.5,1,lost,Sri Lanka,Mirpur,21-Jan-18
Scotland,249,50,4.98,1,won,U.A.E.,ICCA Dubai,21-Jan-18
England,302,50,6.04,1,won,Australia,Sydney,21-Jan-18
Bangladesh,320,50,6.4,1,won,Sri Lanka,Mirpur,19-Jan-18
Australia,270,50,5.4,1,lost,England,Brisbane,19-Jan-18
New Zealand,271,50,5.42,1,won,Pakistan,Wellington,19-Jan-18
Ireland,331,50,6.62,1,won,Scotland,ICCA Dubai,18-Jan-18
Zimbabwe,290,50,5.8,1,won,Sri Lanka,Mirpur,17-Jan-18
Scotland,219,49.2,4.43,1,lost,Ireland,ICCA Dubai,16-Jan-18
Pakistan,262,50,5.24,1,lost,New Zealand,Hamilton,16-Jan-18
Zimbabwe,170,49,3.46,1,lost,Bangladesh,Mirpur,15-Jan-18
Australia,304,50,6.08,1,lost,England,Melbourne,14-Jan-18
Ireland,301,50,6.02,1,won,U.A.E.,ICCA Dubai,13-Jan-18
New Zealand,257,50,5.14,1,won,Pakistan,Dunedin,13-Jan-18
U.A.E.,222,50,4.44,1,lost,Ireland,ICCA Dubai,11-Jan-18
Pakistan,246,50,4.92,1,lost,New Zealand,Nelson,09-Jan-18
New Zealand,315,50,6.3,1,won,Pakistan,Wellington,06-Jan-18
New Zealand,131,23,5.69,1,won,West Indies,Christchurch,26-Dec-17
New Zealand,325,50,6.5,1,won,West Indies,Christchurch,23-Dec-17
West Indies,248,50,4.96,1,lost,New Zealand,Whangarei,20-Dec-17
Sri Lanka,215,44.5,4.79,1,lost,India,Visakhapatnam,17-Dec-17
India,392,50,7.84,1,won,Sri Lanka,Mohali,13-Dec-17
Afghanistan,177,48.2,3.66,1,lost,Ireland,Sharjah,10-Dec-17
India,112,38.2,2.92,1,lost,Sri Lanka,Dharamsala,10-Dec-17
Hong Kong,323,50,6.46,1,won,P.N.G.,ICCA Dubai,08-Dec-17
Ireland,271,50,5.42,1,won,Afghanistan,Sharjah,07-Dec-17
Hong Kong,230,50,4.6,1,won,P.N.G.,ICCA Dubai,06-Dec-17
Afghanistan,238,50,4.76,1,won,Ireland,Sharjah,05-Dec-17
P.N.G.,192,50,3.84,1,lost,Scotland,Dubai (DSC),25-Nov-17
P.N.G.,147,44.2,3.31,1,lost,Scotland,Dubai (DSC),24-Nov-17
India,337,50,6.74,1,won,New Zealand,Kanpur,29-Oct-17
New Zealand,230,50,4.6,1,lost,India,Pune,25-Oct-17
Sri Lanka,103,26.2,3.91,1,lost,Pakistan,Sharjah,23-Oct-17
South Africa,369,50,7.38,1,won,Bangladesh,East London,22-Oct-17
India,280,50,5.6,1,lost,New Zealand,Wankhede,22-Oct-17
Sri Lanka,173,43.4,3.96,1,lost,Pakistan,Sharjah,20-Oct-17
Sri Lanka,208,48.2,4.3,1,lost,Pakistan,Abu Dhabi,18-Oct-17
South Africa,353,50,7.06,1,won,Bangladesh,Paarl,18-Oct-17
Pakistan,219,50,4.38,1,won,Sri Lanka,Abu Dhabi,16-Oct-17
Bangladesh,278,50,5.56,1,lost,South Africa,Kimberley,15-Oct-17
Pakistan,292,50,5.84,1,won,Sri Lanka,Dubai (DSC),13-Oct-17
Scotland,203,49.2,4.11,1,lost,P.N.G.,Port Moresby,08-Oct-17
Scotland,278,50,5.56,1,won,P.N.G.,Port Moresby,06-Oct-17
Australia,242,50,4.84,1,lost,India,Nagpur,01-Oct-17
West Indies,288,50,5.76,1,lost,England,Southampton,29-Sep-17
Australia,334,50,6.68,1,won,India,Bengaluru,28-Sep-17
West Indies,356,50,7.12,1,lost,England,The Oval,27-Sep-17
England,369,50,7.38,1,won,West Indies,Bristol,24-Sep-17
Australia,293,50,5.86,1,lost,India,Indore,24-Sep-17
England,21,2.2,9,1,n/r,West Indies,Nottingham,21-Sep-17
India,252,50,5.04,1,won,Australia,Eden Gardens,21-Sep-17
West Indies,204,42,4.85,1,lost,England,Manchester,19-Sep-17
India,281,50,5.62,1,won,Australia,Chennai,17-Sep-17
Sri Lanka,238,49.4,4.79,1,lost,India,Colombo (RPS),03-Sep-17
India,375,50,7.5,1,won,Sri Lanka,Colombo (RPS),31-Aug-17
Sri Lanka,217,50,4.34,1,lost,India,Pallekele,27-Aug-17
Sri Lanka,236,50,4.72,1,lost,India,Pallekele,24-Aug-17
Sri Lanka,216,43.2,4.98,1,lost,India,Dambulla,20-Aug-17
Sri Lanka,203,50,4.06,1,lost,Zimbabwe,Hambantota,10-Jul-17
Sri Lanka,300,50,6,1,lost,Zimbabwe,Hambantota,08-Jul-17
West Indies,205,50,4.1,1,lost,India,Kingston,06-Jul-17
Zimbabwe,310,50,6.2,1,lost,Sri Lanka,Hambantota,06-Jul-17
West Indies,189,50,3.78,1,won,India,North Sound,02-Jul-17
Zimbabwe,155,33.4,4.6,1,lost,Sri Lanka,Galle,02-Jul-17
India,251,50,5.02,1,won,West Indies,North Sound,30-Jun-17
Sri Lanka,316,50,6.32,1,lost,Zimbabwe,Galle,30-Jun-17
India,310,43,7.2,1,won,West Indies,Port of Spain,25-Jun-17
India,199,39.2,5.05,1,n/r,West Indies,Port of Spain,23-Jun-17
Pakistan,338,50,6.76,1,won,India,The Oval,18-Jun-17
Scotland,169,42,4.02,1,lost,Zimbabwe,Edinburgh,17-Jun-17
Scotland,317,50,6.34,1,won,Zimbabwe,Edinburgh,15-Jun-17
Bangladesh,264,50,5.28,1,lost,India,Birmingham,15-Jun-17
England,211,49.5,4.23,1,lost,Pakistan,Cardiff,14-Jun-17
Sri Lanka,236,49.2,4.78,1,lost,Pakistan,Cardiff,12-Jun-17
Afghanistan,135,37.3,3.6,1,lost,West Indies,Gros Islet,11-Jun-17
South Africa,191,44.3,4.29,1,lost,India,The Oval,11-Jun-17
Australia,277,50,5.54,1,lost,England,Birmingham,10-Jun-17
Afghanistan,212,50,4.24,1,won,West Indies,Gros Islet,09-Jun-17
New Zealand,265,50,5.3,1,lost,Bangladesh,Cardiff,09-Jun-17
India,321,50,6.42,1,lost,Sri Lanka,The Oval,08-Jun-17
South Africa,219,50,4.38,1,lost,Pakistan,Birmingham,07-Jun-17
England,310,49.3,6.26,1,won,New Zealand,Cardiff,06-Jun-17
Bangladesh,182,44.3,4.08,1,n/r,Australia,The Oval,05-Jun-17
India,319,48,6.64,1,won,Pakistan,Birmingham,04-Jun-17
South Africa,299,50,5.98,1,won,Sri Lanka,The Oval,03-Jun-17
New Zealand,291,45,6.46,1,n/r,Australia,Birmingham,02-Jun-17
Bangladesh,305,50,6.1,1,lost,England,The Oval,01-Jun-17
England,153,31.1,4.9,1,lost,South Africa,Lord's,29-May-17
England,330,50,6.6,1,won,South Africa,Southampton,27-May-17
England,339,50,6.78,1,won,South Africa,Leeds,24-May-17
New Zealand,270,50,5.4,1,lost,Bangladesh,Dublin,24-May-17
New Zealand,344,50,6.88,1,won,Ireland,Dublin (Malahide),21-May-17
Ireland,181,46.3,3.89,1,lost,Bangladesh,Dublin (Malahide),19-May-17
Bangladesh,257,50,5.14,1,lost,New Zealand,Dublin,17-May-17
New Zealand,289,50,5.78,1,won,Ireland,Dublin (Malahide),14-May-17
Bangladesh,157,31.1,5.03,1,n/r,Ireland,Dublin (Malahide),12-May-17
England,328,50,6.56,1,won,Ireland,Lord's,07-May-17
Ireland,126,33,3.81,1,lost,England,Bristol,05-May-17
West Indies,233,50,4.66,1,lost,Pakistan,Providence,11-Apr-17
Pakistan,282,50,5.64,1,won,West Indies,Providence,09-Apr-17
Pakistan,308,50,6.16,1,lost,West Indies,Providence,07-Apr-17
U.A.E.,251,50,5.02,1,won,P.N.G.,Abu Dhabi,04-Apr-17
P.N.G.,232,50,4.64,1,won,U.A.E.,Abu Dhabi,02-Apr-17
Sri Lanka,280,50,5.6,1,won,Bangladesh,Colombo (SSC),01-Apr-17
U.A.E.,292,50,5.84,1,won,P.N.G.,Abu Dhabi,31-Mar-17
Sri Lanka,311,49.5,6.24,1,n/r,Bangladesh,Dambulla,28-Mar-17
Bangladesh,324,50,6.48,1,won,Sri Lanka,Dambulla,25-Mar-17
Ireland,229,48.1,4.75,1,lost,Afghanistan,Greater Noida,24-Mar-17
Afghanistan,220,49.5,4.41,1,lost,Ireland,Greater Noida,22-Mar-17
Afghanistan,264,50,5.28,1,lost,Ireland,Greater Noida,19-Mar-17
Afghanistan,338,50,6.76,1,won,Ireland,Greater Noida,17-Mar-17
Afghanistan,292,50,5.84,1,won,Ireland,Greater Noida,15-Mar-17
England,328,50,6.56,1,won,West Indies,Bridgetown,09-Mar-17
West Indies,225,47.5,4.7,1,lost,England,North Sound,05-Mar-17
U.A.E.,202,47.5,4.22,1,lost,Ireland,ICCA Dubai,04-Mar-17
New Zealand,149,41.1,3.61,1,lost,South Africa,Auckland,04-Mar-17
England,296,50,5.92,1,won,West Indies,North Sound,03-Mar-17
Ireland,270,49.3,5.45,1,won,U.A.E.,ICCA Dubai,02-Mar-17
South Africa,279,50,5.58,1,lost,New Zealand,Hamilton,01-Mar-17
Afghanistan,253,50,5.06,1,won,Zimbabwe,Harare,26-Feb-17
South Africa,271,50,5.42,1,won,New Zealand,Wellington,25-Feb-17
Afghanistan,111,38.5,2.85,1,lost,Zimbabwe,Harare,24-Feb-17
New Zealand,289,50,5.78,1,won,South Africa,Christchurch,22-Feb-17
Zimbabwe,129,32.4,3.94,1,won,Afghanistan,Harare,21-Feb-17
Afghanistan,238,50,4.76,1,won,Zimbabwe,Harare,19-Feb-17
New Zealand,207,34,6.08,1,lost,South Africa,Hamilton,19-Feb-17
Afghanistan,215,49.2,4.35,1,won,Zimbabwe,Harare,16-Feb-17
South Africa,384,50,7.68,1,won,Sri Lanka,Centurion,10-Feb-17
South Africa,367,50,7.34,1,won,Sri Lanka,Cape Town,07-Feb-17
New Zealand,281,50,5.62,1,won,Australia,Hamilton,05-Feb-17
Sri Lanka,163,39.2,4.14,1,lost,South Africa,Johannesburg,04-Feb-17
South Africa,307,50,6.14,1,won,Sri Lanka,Durban,01-Feb-17
New Zealand,286,50,5.72,1,won,Australia,Auckland,30-Jan-17
Sri Lanka,181,48.3,3.73,1,lost,South Africa,Gqeberha,28-Jan-17
Hong Kong,174,48.5,3.56,1,lost,U.A.E.,Dubai (DSC),26-Jan-17
Australia,369,50,7.38,1,won,Pakistan,Adelaide,26-Jan-17
Scotland,173,45.2,3.81,1,lost,U.A.E.,Dubai (DSC),24-Jan-17
England,321,50,6.42,1,won,India,Eden Gardens,22-Jan-17
Scotland,205,48.4,4.21,1,lost,Hong Kong,Abu Dhabi,22-Jan-17
Australia,353,50,7.06,1,won,Pakistan,Sydney,22-Jan-17
India,381,50,7.62,1,won,England,Cuttack,19-Jan-17
Pakistan,263,50,5.26,1,lost,Australia,Perth,19-Jan-17
England,350,50,7,1,lost,India,Pune,15-Jan-17
Australia,220,48.2,4.55,1,lost,Pakistan,Melbourne,15-Jan-17
Australia,268,50,5.36,1,won,Pakistan,Brisbane,13-Jan-17
Bangladesh,236,50,4.72,1,lost,New Zealand,Nelson,31-Dec-16
New Zealand,251,50,5.02,1,won,Bangladesh,Nelson,29-Dec-16
New Zealand,341,50,6.82,1,won,Bangladesh,Christchurch,26-Dec-16
Australia,264,50,5.28,1,won,New Zealand,Melbourne,09-Dec-16
Australia,378,50,7.56,1,won,New Zealand,Canberra,06-Dec-16
Australia,324,50,6.48,1,won,New Zealand,Sydney,04-Dec-16
Zimbabwe,160,36.3,4.38,1,lost,Sri Lanka,Bulawayo,27-Nov-16
Zimbabwe,218,49,4.44,1,won,West Indies,Bulawayo,25-Nov-16
Sri Lanka,330,50,6.6,1,won,West Indies,Bulawayo,23-Nov-16
Zimbabwe,55,13.3,4.07,1,n/r,Sri Lanka,Bulawayo,21-Nov-16
Zimbabwe,257,50,5.14,1,tied,West Indies,Bulawayo,19-Nov-16
West Indies,227,49.2,4.6,1,won,Sri Lanka,Harare,16-Nov-16
Zimbabwe,154,41.3,3.71,1,lost,Sri Lanka,Harare,14-Nov-16
P.N.G.,244,50,4.88,1,lost,Hong Kong,Mong Kok,08-Nov-16
P.N.G.,201,45.5,4.38,1,won,Hong Kong,Mong Kok,06-Nov-16
Hong Kong,269,49.4,5.41,1,won,P.N.G.,Mong Kok,04-Nov-16
India,269,50,5.38,1,won,New Zealand,Visakhapatnam,29-Oct-16
New Zealand,260,50,5.2,1,won,India,Ranchi,26-Oct-16
New Zealand,285,49.4,5.73,1,lost,India,Mohali,23-Oct-16
New Zealand,242,50,4.84,1,won,India,Delhi,20-Oct-16
New Zealand,190,43.5,4.33,1,lost,India,Dharamsala,16-Oct-16
South Africa,327,50,6.54,1,won,Australia,Cape Town,12-Oct-16
Bangladesh,277,50,5.54,1,lost,England,Chattogram,12-Oct-16
Bangladesh,238,50,4.76,1,won,England,Mirpur,09-Oct-16
Australia,167,36.4,4.55,1,lost,South Africa,Gqeberha,09-Oct-16
England,309,50,6.18,1,won,Bangladesh,Mirpur,07-Oct-16
Australia,371,50,7.42,1,lost,South Africa,Durban,05-Oct-16
Pakistan,308,50,6.16,1,won,West Indies,Abu Dhabi,05-Oct-16
Pakistan,337,50,6.74,1,won,West Indies,Sharjah,02-Oct-16
South Africa,361,50,7.22,1,won,Australia,Johannesburg,02-Oct-16
Bangladesh,279,50,5.58,1,won,Afghanistan,Mirpur,01-Oct-16
Australia,294,50,5.88,1,lost,South Africa,Centurion,30-Sep-16
Pakistan,284,49,5.79,1,won,West Indies,Sharjah,30-Sep-16
Bangladesh,208,49.2,4.21,1,lost,Afghanistan,Mirpur,28-Sep-16
Ireland,198,43.5,4.51,1,lost,Australia,Benoni,27-Sep-16
Bangladesh,265,50,5.3,1,won,Afghanistan,Mirpur,25-Sep-16
South Africa,354,50,7.08,1,won,Ireland,Benoni,25-Sep-16
Scotland,266,50,5.32,1,won,Hong Kong,Edinburgh,10-Sep-16
Scotland,153,20,7.65,1,n/r,Hong Kong,Edinburgh,08-Sep-16
England,302,50,6.04,1,lost,Pakistan,Cardiff,04-Sep-16
Sri Lanka,195,40.2,4.83,1,lost,Australia,Pallekele,04-Sep-16
Pakistan,247,50,4.94,1,lost,England,Leeds,01-Sep-16
Sri Lanka,212,50,4.24,1,lost,Australia,Dambulla,31-Aug-16
England,444,50,8.88,1,won,Pakistan,Nottingham,30-Aug-16
Sri Lanka,226,49.2,4.58,1,lost,Australia,Dambulla,28-Aug-16
Pakistan,251,49.5,5.03,1,lost,England,Lord's,27-Aug-16
Pakistan,260,50,5.2,1,lost,England,Southampton,24-Aug-16
Sri Lanka,288,48.5,5.89,1,won,Australia,Colombo (RPS),24-Aug-16
Sri Lanka,227,50,4.54,1,lost,Australia,Colombo (RPS),21-Aug-16
Pakistan,337,47,7.17,1,won,Ireland,Dublin (Malahide),18-Aug-16
U.A.E.,228,45.4,4.99,1,lost,Scotland,Edinburgh,16-Aug-16
Scotland,327,50,6.54,1,won,U.A.E.,Edinburgh,14-Aug-16
Ireland,265,50,5.3,1,won,Afghanistan,Belfast,19-Jul-16
Afghanistan,229,50,4.58,1,won,Ireland,Belfast,17-Jul-16
Afghanistan,236,49.1,4.8,1,lost,Ireland,Belfast,14-Jul-16
Afghanistan,250,49.2,5.06,1,won,Ireland,Belfast,12-Jul-16
Afghanistan,178,37.2,4.76,1,won,Scotland,Edinburgh,06-Jul-16
Afghanistan,283,47.2,5.97,1,n/r,Scotland,Edinburgh,04-Jul-16
England,324,50,6.48,1,won,Sri Lanka,Cardiff,02-Jul-16
Sri Lanka,305,42,7.26,1,lost,England,The Oval,29-Jun-16
Australia,270,50,5.4,1,won,West Indies,Bridgetown,26-Jun-16
Sri Lanka,248,50,4.96,1,n/r,England,Bristol,26-Jun-16
West Indies,285,49.5,5.71,1,won,South Africa,Bridgetown,24-Jun-16
Sri Lanka,254,50,5.08,1,lost,England,Birmingham,24-Jun-16
West Indies,282,50,5.64,1,lost,Australia,Bridgetown,21-Jun-16
Sri Lanka,286,50,5.72,1,tied,England,Nottingham,21-Jun-16
South Africa,8,1,8,1,n/r,Australia,Bridgetown,19-Jun-16
Sri Lanka,377,50,7.54,1,won,Ireland,Dublin (Malahide),18-Jun-16
Sri Lanka,303,50,6.06,1,won,Ireland,Dublin (Malahide),16-Jun-16
South Africa,343,50,6.86,1,won,West Indies,Basseterre,15-Jun-16
Zimbabwe,123,42.2,2.9,1,lost,India,Harare,15-Jun-16
Australia,265,50,5.3,1,lost,West Indies,Basseterre,13-Jun-16
Zimbabwe,126,34.3,3.65,1,lost,India,Harare,13-Jun-16
Australia,288,50,5.76,1,won,South Africa,Basseterre,11-Jun-16
Zimbabwe,168,49.5,3.37,1,lost,India,Harare,11-Jun-16
South Africa,189,50,3.78,1,won,Australia,Providence,07-Jun-16
West Indies,116,32.3,3.56,1,lost,Australia,Providence,05-Jun-16
South Africa,188,46.5,4.01,1,lost,West Indies,Providence,03-Jun-16
England,236,45,5.24,1,lost,South Africa,Cape Town,14-Feb-16
England,262,47.5,5.47,1,lost,South Africa,Johannesburg,12-Feb-16
England,318,50,6.36,1,lost,South Africa,Centurion,09-Feb-16
New Zealand,246,45.3,5.4,1,won,Australia,Hamilton,08-Feb-16
South Africa,262,50,5.24,1,lost,England,Gqeberha,06-Feb-16
New Zealand,281,50,5.62,1,lost,Australia,Wellington,06-Feb-16
England,399,50,7.98,1,won,South Africa,Bloemfontein,03-Feb-16
New Zealand,307,50,6.14,1,won,Australia,Auckland,03-Feb-16
Pakistan,290,47.3,6.1,1,lost,New Zealand,Auckland,31-Jan-16
Hong Kong,259,49.1,5.26,1,won,Scotland,Mong Kok,26-Jan-16
New Zealand,280,50,5.6,1,won,Pakistan,Wellington,25-Jan-16
Australia,330,50,6.6,1,lost,India,Sydney,23-Jan-16
Australia,348,50,6.96,1,won,India,Canberra,20-Jan-16
India,295,50,5.9,1,lost,Australia,Melbourne,17-Jan-16
India,308,50,6.16,1,lost,Australia,Brisbane,15-Jan-16
India,309,50,6.18,1,lost,Australia,Perth,12-Jan-16
Zimbabwe,248,49.5,4.97,1,lost,Afghanistan,Sharjah,06-Jan-16
New Zealand,294,50,5.88,1,won,Sri Lanka,Mount Maunganui,05-Jan-16
Zimbabwe,226,49.1,4.59,1,won,Afghanistan,Sharjah,04-Jan-16
Zimbabwe,175,48.3,3.6,1,won,Afghanistan,Sharjah,02-Jan-16
New Zealand,75,9,8.33,1,n/r,Sri Lanka,Nelson,02-Jan-16
New Zealand,276,50,5.52,1,lost,Sri Lanka,Nelson,31-Dec-15
Zimbabwe,253,50,5.06,1,lost,Afghanistan,Sharjah,29-Dec-15
Sri Lanka,117,27.4,4.22,1,lost,New Zealand,Christchurch,28-Dec-15
Sri Lanka,188,47,4,1,lost,New Zealand,Christchurch,26-Dec-15
Afghanistan,131,38.5,3.37,1,won,Zimbabwe,Sharjah,25-Dec-15
England,355,50,7.1,1,won,Pakistan,Dubai (DSC),20-Nov-15
Hong Kong,282,50,5.64,1,won,U.A.E.,ICCA Dubai,18-Nov-15
Pakistan,208,49.5,4.17,1,lost,England,Sharjah,17-Nov-15
Hong Kong,298,50,5.96,1,won,U.A.E.,ICCA Dubai,16-Nov-15
England,283,50,5.66,1,won,Pakistan,Abu Dhabi,13-Nov-15
England,216,49.4,4.34,1,lost,Pakistan,Abu Dhabi,11-Nov-15
Bangladesh,276,50,5.52,1,won,Zimbabwe,Mirpur,11-Nov-15
Bangladesh,241,50,4.82,1,won,Zimbabwe,Mirpur,09-Nov-15
West Indies,206,36,5.72,1,lost,Sri Lanka,Pallekele,07-Nov-15
Bangladesh,273,50,5.46,1,won,Zimbabwe,Mirpur,07-Nov-15
West Indies,214,37.4,5.68,1,lost,Sri Lanka,Colombo (RPS),04-Nov-15
West Indies,159,26,6.11,1,lost,Sri Lanka,Colombo (RPS),01-Nov-15
South Africa,438,50,8.76,1,won,India,Wankhede,25-Oct-15
Afghanistan,245,50,4.9,1,won,Zimbabwe,Bulawayo,24-Oct-15
India,299,50,5.98,1,won,South Africa,Chennai,22-Oct-15
Zimbabwe,184,50,3.68,1,lost,Afghanistan,Bulawayo,22-Oct-15
Afghanistan,223,50,4.46,1,lost,Zimbabwe,Bulawayo,20-Oct-15
South Africa,270,50,5.4,1,won,India,Rajkot,18-Oct-15
Afghanistan,271,50,5.42,1,won,Zimbabwe,Bulawayo,18-Oct-15
Afghanistan,122,34.1,3.57,1,lost,Zimbabwe,Bulawayo,16-Oct-15
India,247,50,4.94,1,won,South Africa,Indore,14-Oct-15
Zimbabwe,187,49.2,3.79,1,lost,Ireland,Harare,13-Oct-15
Ireland,268,50,5.36,1,lost,Zimbabwe,Harare,11-Oct-15
South Africa,303,50,6.06,1,won,India,Kanpur,11-Oct-15
Ireland,219,50,4.38,1,lost,Zimbabwe,Harare,09-Oct-15
Zimbabwe,161,38.5,4.14,1,lost,Pakistan,Harare,05-Oct-15
Zimbabwe,276,50,5.52,1,won,Pakistan,Harare,03-Oct-15
Pakistan,259,50,5.18,1,won,Zimbabwe,Harare,01-Oct-15
England,138,33,4.18,1,lost,Australia,Manchester,13-Sep-15
Australia,299,50,5.98,1,lost,England,Leeds,11-Sep-15
England,300,50,6,1,won,Australia,Manchester,08-Sep-15
Australia,309,49,6.3,1,won,England,Lord's,05-Sep-15
Australia,305,50,6.1,1,won,England,Southampton,03-Sep-15
Australia,222,40.2,5.5,1,won,Ireland,Belfast,27-Aug-15
South Africa,283,50,5.66,1,won,New Zealand,Durban,26-Aug-15
South Africa,204,49.3,4.12,1,lost,New Zealand,Potchefstroom,23-Aug-15
South Africa,304,50,6.08,1,won,New Zealand,Centurion,19-Aug-15
New Zealand,273,50,5.46,1,won,Zimbabwe,Harare,07-Aug-15
Zimbabwe,235,50,4.7,1,lost,New Zealand,Harare,04-Aug-15
New Zealand,303,50,6.06,1,lost,Zimbabwe,Harare,02-Aug-15
Sri Lanka,368,50,7.36,1,won,Pakistan,Hambantota,26-Jul-15
Sri Lanka,256,50,5.12,1,lost,Pakistan,Colombo (RPS),22-Jul-15
Pakistan,316,50,6.32,1,won,Sri Lanka,Colombo (RPS),19-Jul-15
Pakistan,287,50,5.74,1,lost,Sri Lanka,Pallekele,15-Jul-15
South Africa,168,40,4.2,1,lost,Bangladesh,Chattogram,15-Jul-15
India,276,50,5.52,1,won,Zimbabwe,Harare,14-Jul-15
South Africa,162,46,3.52,1,lost,Bangladesh,Mirpur,12-Jul-15
India,271,50,5.42,1,won,Zimbabwe,Harare,12-Jul-15
Sri Lanka,255,50,5.1,1,lost,Pakistan,Dambulla,11-Jul-15
Bangladesh,160,36.3,4.38,1,lost,South Africa,Mirpur,10-Jul-15
India,255,50,5.1,1,won,Zimbabwe,Harare,10-Jul-15
India,317,50,6.34,1,won,Bangladesh,Mirpur,24-Jun-15
India,200,45,4.44,1,lost,Bangladesh,Mirpur,21-Jun-15
New Zealand,283,50,5.66,1,lost,England,Chester-le-Street,20-Jun-15
Bangladesh,307,49.4,6.18,1,won,India,Mirpur,18-Jun-15
New Zealand,349,50,6.98,1,lost,England,Nottingham,17-Jun-15
England,302,45.2,6.66,1,lost,New Zealand,Southampton,14-Jun-15
New Zealand,398,50,7.96,1,won,England,The Oval,12-Jun-15
England,408,50,8.16,1,won,New Zealand,Birmingham,09-Jun-15
Pakistan,296,50,5.92,1,n/r,Zimbabwe,Lahore,31-May-15
Zimbabwe,268,50,5.36,1,lost,Pakistan,Lahore,29-May-15
Pakistan,375,50,7.5,1,won,Zimbabwe,Lahore,26-May-15
Ireland,56,18,3.11,1,n/r,England,Dublin (Malahide),08-May-15
Pakistan,250,49,5.1,1,lost,Bangladesh,Mirpur,22-Apr-15
Pakistan,239,50,4.78,1,lost,Bangladesh,Mirpur,19-Apr-15
Bangladesh,329,50,6.58,1,won,Pakistan,Mirpur,17-Apr-15
New Zealand,183,45,4.06,1,lost,Australia,Melbourne,29-Mar-15
Australia,328,50,6.56,1,won,India,Sydney,26-Mar-15
South Africa,281,43,6.53,1,lost,New Zealand,Auckland,24-Mar-15
New Zealand,393,50,7.86,1,won,West Indies,Wellington,21-Mar-15
Pakistan,213,49.5,4.27,1,lost,Australia,Adelaide,20-Mar-15
India,302,50,6.04,1,won,Bangladesh,Melbourne,19-Mar-15
Sri Lanka,133,37.2,3.56,1,lost,South Africa,Sydney,18-Mar-15
Ireland,237,50,4.74,1,lost,Pakistan,Adelaide,15-Mar-15
U.A.E.,175,47.4,3.67,1,lost,West Indies,Napier,15-Mar-15
Scotland,130,25.4,5.06,1,lost,Australia,Hobart,14-Mar-15
Zimbabwe,287,48.5,5.87,1,lost,India,Auckland,14-Mar-15
Afghanistan,111,36.2,3.05,1,lost,England,Sydney,13-Mar-15
Bangladesh,288,50,5.76,1,lost,New Zealand,Hamilton,13-Mar-15
South Africa,341,50,6.82,1,won,U.A.E.,Wellington,12-Mar-15
Sri Lanka,363,50,7.26,1,won,Scotland,Hobart,11-Mar-15
Ireland,259,49,5.28,1,lost,India,Hamilton,10-Mar-15
Bangladesh,275,50,5.5,1,won,England,Adelaide,09-Mar-15
Australia,376,50,7.52,1,won,Sri Lanka,Sydney,08-Mar-15
Afghanistan,186,47.4,3.9,1,lost,New Zealand,Napier,08-Mar-15
Ireland,331,50,6.62,1,won,Zimbabwe,Hobart,07-Mar-15
Pakistan,222,46.4,4.75,1,won,South Africa,Auckland,07-Mar-15
West Indies,182,44.2,4.1,1,lost,India,Perth,06-Mar-15
Scotland,318,50,6.36,1,lost,Bangladesh,Nelson,05-Mar-15
Australia,417,50,8.34,1,won,Afghanistan,Perth,04-Mar-15
Pakistan,339,50,6.78,1,won,U.A.E.,Napier,04-Mar-15
South Africa,411,50,8.22,1,won,Ireland,Canberra,03-Mar-15
Pakistan,235,50,4.7,1,won,Zimbabwe,Brisbane,01-Mar-15
England,309,50,6.18,1,lost,Sri Lanka,Wellington,01-Mar-15
U.A.E.,102,31.3,3.23,1,lost,India,Perth,28-Feb-15
Australia,151,32.2,4.67,1,lost,New Zealand,Auckland,28-Feb-15
South Africa,408,50,8.16,1,won,West Indies,Sydney,27-Feb-15
Sri Lanka,332,50,6.64,1,won,Bangladesh,Melbourne,26-Feb-15
Scotland,210,50,4.2,1,lost,Afghanistan,Dunedin,26-Feb-15
U.A.E.,278,50,5.56,1,lost,Ireland,Brisbane,25-Feb-15
West Indies,372,50,7.44,1,won,Zimbabwe,Canberra,24-Feb-15
England,303,50,6.06,1,won,Scotland,Christchurch,23-Feb-15
India,307,50,6.14,1,won,South Africa,Melbourne,22-Feb-15
Afghanistan,232,49.4,4.67,1,lost,Sri Lanka,Dunedin,22-Feb-15
West Indies,310,50,6.2,1,won,Pakistan,Christchurch,21-Feb-15
England,123,33.2,3.69,1,lost,New Zealand,Wellington,20-Feb-15
U.A.E.,285,50,5.7,1,lost,Zimbabwe,Nelson,19-Feb-15
Bangladesh,267,50,5.34,1,won,Afghanistan,Canberra,18-Feb-15
Scotland,142,36.2,3.9,1,lost,New Zealand,Dunedin,17-Feb-15
West Indies,304,50,6.08,1,lost,Ireland,Nelson,16-Feb-15
India,300,50,6,1,won,Pakistan,Adelaide,15-Feb-15
South Africa,339,50,6.78,1,won,Zimbabwe,Hamilton,15-Feb-15
Australia,342,50,6.84,1,won,England,Melbourne,14-Feb-15
New Zealand,331,50,6.62,1,won,Sri Lanka,Christchurch,14-Feb-15
New Zealand,369,50,7.38,1,won,Pakistan,Napier,03-Feb-15
Australia,278,50,5.56,1,won,England,Perth,01-Feb-15
Pakistan,210,45.3,4.61,1,lost,New Zealand,Wellington,31-Jan-15
India,200,48.1,4.15,1,lost,England,Perth,30-Jan-15
Sri Lanka,287,50,5.74,1,won,New Zealand,Wellington,29-Jan-15
South Africa,361,42,8.59,1,won,West Indies,Centurion,28-Jan-15
India,69,16,4.31,1,n/r,Australia,Sydney,26-Jan-15
South Africa,262,50,5.24,1,lost,West Indies,Gqeberha,25-Jan-15
New Zealand,315,50,6.3,1,won,Sri Lanka,Dunedin,25-Jan-15
England,303,50,6.06,1,lost,Australia,Hobart,23-Jan-15
New Zealand,360,50,7.2,1,won,Sri Lanka,Dunedin,23-Jan-15
West Indies,122,33.4,3.62,1,lost,South Africa,East London,21-Jan-15
India,153,39.3,3.87,1,lost,England,Brisbane,20-Jan-15
Sri Lanka,276,49.3,5.57,1,lost,New Zealand,Nelson,20-Jan-15
South Africa,439,50,8.78,1,won,West Indies,Johannesburg,18-Jan-15
India,267,50,5.34,1,lost,Australia,Melbourne,18-Jan-15
Afghanistan,246,50,4.92,1,won,Ireland,Dubai (DSC),17-Jan-15
New Zealand,145,28.5,5.02,1,n/r,Sri Lanka,Auckland,17-Jan-15
South Africa,279,48.2,5.77,1,won,West Indies,Durban,16-Jan-15
England,234,47.5,4.89,1,lost,Australia,Sydney,16-Jan-15
New Zealand,248,50,4.96,1,lost,Sri Lanka,Hamilton,15-Jan-15
Scotland,213,50,4.26,1,won,Afghanistan,Abu Dhabi,14-Jan-15
Scotland,216,50,4.32,1,lost,Ireland,Dubai (DSC),12-Jan-15
Sri Lanka,218,50,4.36,1,lost,New Zealand,Christchurch,11-Jan-15
Afghanistan,180,44.2,4.06,1,lost,Ireland,Dubai (DSC),10-Jan-15
Scotland,237,45,5.26,1,lost,Afghanistan,ICCA Dubai,08-Jan-15
New Zealand,275,50,5.5,1,won,Pakistan,Abu Dhabi,19-Dec-14
New Zealand,299,50,5.98,1,won,Pakistan,Abu Dhabi,17-Dec-14
Sri Lanka,302,50,6.04,1,won,England,Colombo (RPS),16-Dec-14
Pakistan,364,50,7.28,1,won,New Zealand,Sharjah,14-Dec-14
Sri Lanka,292,50,5.84,1,won,England,Pallekele,13-Dec-14
Pakistan,252,48.3,5.19,1,lost,New Zealand,Sharjah,12-Dec-14
Sri Lanka,239,49,4.87,1,lost,England,Pallekele,10-Dec-14
New Zealand,246,50,4.92,1,lost,Pakistan,Dubai (DSC),08-Dec-14
England,265,50,5.3,1,lost,Sri Lanka,Colombo (RPS),07-Dec-14
U.A.E.,258,50,5.16,1,won,Afghanistan,ICCA Dubai,04-Dec-14
Sri Lanka,242,35,6.91,1,lost,England,Hambantota,03-Dec-14
U.A.E.,273,50,5.46,1,lost,Afghanistan,ICCA Dubai,02-Dec-14
Zimbabwe,128,30,4.26,1,lost,Bangladesh,Mirpur,01-Dec-14
Afghanistan,280,50,5.6,1,lost,U.A.E.,ICCA Dubai,30-Nov-14
England,185,43,4.3,1,lost,Sri Lanka,Colombo (RPS),29-Nov-14
Afghanistan,248,50,4.96,1,lost,U.A.E.,ICCA Dubai,28-Nov-14
Bangladesh,256,50,5.12,1,won,Zimbabwe,Mirpur,28-Nov-14
Sri Lanka,317,50,6.34,1,won,England,Colombo (RPS),26-Nov-14
Bangladesh,297,50,5.94,1,won,Zimbabwe,Mirpur,26-Nov-14
Bangladesh,251,50,5.02,1,won,Zimbabwe,Chattogram,23-Nov-14
South Africa,280,50,5.6,1,lost,Australia,Sydney,23-Nov-14
Bangladesh,281,50,5.62,1,won,Zimbabwe,Chattogram,21-Nov-14
South Africa,267,50,5.34,1,lost,Australia,Melbourne,21-Nov-14
Australia,329,50,6.58,1,won,South Africa,Canberra,19-Nov-14
Sri Lanka,286,50,5.72,1,lost,India,Ranchi,16-Nov-14
Australia,154,41.4,3.69,1,lost,South Africa,Perth,16-Nov-14
Australia,300,50,6,1,won,South Africa,Perth,14-Nov-14
India,404,50,8.08,1,won,Sri Lanka,Eden Gardens,13-Nov-14
Sri Lanka,242,48.2,5,1,lost,India,Hyderabad,09-Nov-14
Hong Kong,261,49.3,5.27,1,lost,P.N.G.,Townsville,09-Nov-14
Hong Kong,202,48.3,4.16,1,lost,P.N.G.,Townsville,08-Nov-14
Sri Lanka,274,50,5.48,1,lost,India,Ahmedabad,06-Nov-14
India,363,50,7.26,1,won,Sri Lanka,Cuttack,02-Nov-14
South Africa,157,30.4,5.11,1,n/r,New Zealand,Hamilton,27-Oct-14
South Africa,282,50,5.64,1,won,New Zealand,Mount Maunganui,24-Oct-14
New Zealand,230,45.1,5.09,1,lost,South Africa,Mount Maunganui,21-Oct-14
India,330,50,6.6,1,won,West Indies,Dharamsala,17-Oct-14
Australia,231,50,4.62,1,won,Pakistan,Abu Dhabi,12-Oct-14
India,263,50,5.26,1,won,West Indies,Delhi,11-Oct-14
Pakistan,215,49.3,4.34,1,lost,Australia,Dubai (DSC),10-Oct-14
West Indies,321,50,6.42,1,won,India,Kochi,08-Oct-14
Australia,255,50,5.1,1,won,Pakistan,Sharjah,07-Oct-14
Ireland,241,50,4.82,1,lost,Scotland,Dublin (Malahide),12-Sep-14
Scotland,221,49.5,4.43,1,lost,Ireland,Dublin (Malahide),10-Sep-14
Scotland,172,40.3,4.24,1,lost,Ireland,Dublin (Malahide),08-Sep-14
Australia,217,50,4.34,1,lost,South Africa,Harare,06-Sep-14
England,294,50,5.88,1,won,India,Leeds,05-Sep-14
South Africa,271,50,5.42,1,won,Zimbabwe,Harare,04-Sep-14
England,206,49.3,4.16,1,lost,India,Birmingham,02-Sep-14
Australia,282,50,5.64,1,won,South Africa,Harare,02-Sep-14
Australia,209,50,4.18,1,lost,Zimbabwe,Harare,31-Aug-14
England,227,50,4.54,1,lost,India,Nottingham,30-Aug-14
Pakistan,102,32.1,3.17,1,lost,Sri Lanka,Dambulla,30-Aug-14
South Africa,231,49.5,4.63,1,won,Zimbabwe,Harare,29-Aug-14
India,304,50,6.08,1,won,England,Cardiff,27-Aug-14
Australia,327,50,6.54,1,lost,South Africa,Harare,27-Aug-14
Sri Lanka,310,50,6.2,1,won,Pakistan,Hambantota,26-Aug-14
West Indies,338,50,6.76,1,won,Bangladesh,Basseterre,25-Aug-14
Australia,350,50,7,1,won,Zimbabwe,Harare,25-Aug-14
Sri Lanka,275,45,6.11,1,lost,Pakistan,Hambantota,23-Aug-14
West Indies,247,50,4.94,1,won,Bangladesh,St George's,22-Aug-14
Zimbabwe,165,39.5,4.14,1,lost,South Africa,Bulawayo,21-Aug-14
Bangladesh,217,50,4.34,1,lost,West Indies,St George's,20-Aug-14
South Africa,257,49.4,5.17,1,won,Zimbabwe,Bulawayo,19-Aug-14
South Africa,309,50,6.18,1,won,Zimbabwe,Bulawayo,17-Aug-14
Afghanistan,259,49.1,5.26,1,won,Zimbabwe,Bulawayo,24-Jul-14
Zimbabwe,261,50,5.22,1,lost,Afghanistan,Bulawayo,22-Jul-14
Afghanistan,256,50,5.12,1,lost,Zimbabwe,Bulawayo,20-Jul-14
Afghanistan,223,50,4.46,1,lost,Zimbabwe,Bulawayo,18-Jul-14
South Africa,339,50,6.78,1,won,Sri Lanka,Hambantota,12-Jul-14
Sri Lanka,267,49.2,5.41,1,won,South Africa,Pallekele,09-Jul-14
South Africa,304,50,6.08,1,won,Sri Lanka,Colombo (RPS),06-Jul-14
India,119,34.2,3.46,1,n/r,Bangladesh,Mirpur,19-Jun-14
India,105,25.3,4.11,1,won,Bangladesh,Mirpur,17-Jun-14
Bangladesh,272,50,5.44,1,lost,India,Mirpur,15-Jun-14
England,219,48.1,4.54,1,lost,Sri Lanka,Birmingham,03-Jun-14
Sri Lanka,300,50,6,1,won,England,Lord's,31-May-14
Sri Lanka,67,24,2.79,1,lost,England,Manchester,28-May-14
Sri Lanka,256,50,5.12,1,won,England,Chester-le-Street,25-May-14
England,247,39,6.33,1,won,Sri Lanka,The Oval,22-May-14
England,167,20,8.35,1,won,Scotland,Aberdeen,09-May-14
Sri Lanka,219,50,4.38,1,won,Ireland,Dublin,06-May-14
Hong Kong,157,45.2,3.46,1,lost,U.A.E.,Kuala Lumpur,04-May-14
Afghanistan,302,50,6.04,1,won,U.A.E.,Kuala Lumpur,02-May-14
Hong Kong,216,49.3,4.36,1,lost,Afghanistan,Kuala Lumpur,01-May-14
Pakistan,260,50,5.2,1,lost,Sri Lanka,Mirpur,08-Mar-14
Bangladesh,204,50,4.08,1,lost,Sri Lanka,Mirpur,06-Mar-14
England,303,50,6.06,1,won,West Indies,North Sound,05-Mar-14
Afghanistan,159,45.2,3.5,1,lost,India,Mirpur,05-Mar-14
Bangladesh,326,50,6.52,1,lost,Pakistan,Mirpur,04-Mar-14
Sri Lanka,253,50,5.06,1,won,Afghanistan,Mirpur,03-Mar-14
West Indies,159,44.2,3.58,1,lost,England,North Sound,02-Mar-14
India,245,50,4.9,1,lost,Pakistan,Mirpur,02-Mar-14
Afghanistan,254,50,5.08,1,won,Bangladesh,Fatullah,01-Mar-14
West Indies,269,50,5.38,1,won,England,North Sound,28-Feb-14
India,264,50,5.28,1,lost,Sri Lanka,Fatullah,28-Feb-14
Pakistan,248,50,4.96,1,won,Afghanistan,Fatullah,27-Feb-14
Bangladesh,279,50,5.58,1,lost,India,Fatullah,26-Feb-14
Sri Lanka,296,50,5.92,1,won,Pakistan,Fatullah,25-Feb-14
Ireland,202,49.2,4.09,1,lost,West Indies,Kingston,23-Feb-14
Bangladesh,240,50,4.8,1,lost,Sri Lanka,Mirpur,22-Feb-14
Sri Lanka,289,50,5.78,1,won,Bangladesh,Mirpur,20-Feb-14
Sri Lanka,180,40,4.5,1,won,Bangladesh,Mirpur,17-Feb-14
Scotland,285,50,5.7,1,won,U.A.E.,Lincoln,01-Feb-14
New Zealand,303,50,6.06,1,won,India,Wellington,31-Jan-14
Kenya,260,50,5.2,1,lost,Scotland,Christchurch,30-Jan-14
India,278,50,5.56,1,lost,New Zealand,Hamilton,28-Jan-14
Canada,210,50,4.2,1,lost,Netherlands,Mount Maunganui,28-Jan-14
Australia,217,50,4.34,1,won,England,Adelaide,26-Jan-14
New Zealand,314,50,6.28,1,tied,India,Auckland,25-Jan-14
England,316,50,6.32,1,won,Australia,Perth,24-Jan-14
Netherlands,265,50,5.3,1,lost,Kenya,Lincoln,23-Jan-14
Scotland,341,50,6.82,1,won,Canada,Christchurch,23-Jan-14
New Zealand,271,42,6.45,1,won,India,Hamilton,22-Jan-14
England,243,50,4.86,1,lost,Australia,Sydney,19-Jan-14
New Zealand,292,50,5.84,1,won,India,Napier,19-Jan-14
England,300,50,6,1,lost,Australia,Brisbane,17-Jan-14
England,269,50,5.38,1,lost,Australia,Melbourne,12-Jan-14
West Indies,363,50,7.26,1,won,New Zealand,Hamilton,08-Jan-14
New Zealand,285,50,5.7,1,won,West Indies,Nelson,04-Jan-14
New Zealand,283,21,13.47,1,won,West Indies,Queenstown,01-Jan-14
Pakistan,232,49.3,4.68,1,lost,Sri Lanka,Abu Dhabi,27-Dec-13
New Zealand,156,42.1,3.69,1,lost,West Indies,Auckland,26-Dec-13
Sri Lanka,225,48.5,4.6,1,lost,Pakistan,Abu Dhabi,25-Dec-13
Pakistan,326,50,6.52,1,won,Sri Lanka,Sharjah,22-Dec-13
Pakistan,284,50,5.68,1,lost,Sri Lanka,Dubai (DSC),20-Dec-13
Pakistan,322,50,6.44,1,won,Sri Lanka,Sharjah,18-Dec-13
South Africa,301,50,6.02,1,n/r,India,Centurion,11-Dec-13
South Africa,280,49,5.71,1,won,India,Durban,08-Dec-13
South Africa,358,50,7.16,1,won,India,Johannesburg,05-Dec-13
Pakistan,179,46.5,3.82,1,lost,South Africa,Centurion,30-Nov-13
Pakistan,262,45,5.82,1,won,South Africa,Gqeberha,27-Nov-13
West Indies,263,50,5.26,1,lost,India,Kanpur,27-Nov-13
Pakistan,218,50,4.36,1,won,South Africa,Cape Town,24-Nov-13
India,288,50,5.76,1,lost,West Indies,Visakhapatnam,24-Nov-13
West Indies,211,48.5,4.32,1,lost,India,Kochi,21-Nov-13
Sri Lanka,211,33,6.39,1,won,New Zealand,Dambulla,16-Nov-13
